자치구 기준일,종로구 전체,종로구 추가,중구 전체,중구 추가,용산구 전체,용산구 추가,성동구 전체,성동구 추가,광진구 전체,광진구 추가,동대문구 전체,동대문구 추가,중랑구 전체,중랑구 추가,성북구 전체,성북구 추가,강북구 전체,강북구 추가,도봉구 전체,도봉구 추가,노원구 전체,노원구 추가,은평구 전체,은평구 추가,서대문구 전체,서대문구 추가,마포구 전체,마포구 추가,양천구 전체,양천구 추가,강서구 전체,강서구 추가,구로구 전체,구로구 추가,금천구 전체,금천구 추가,영등포구 전체,영등포구 추가,동작구 전체,동작구 추가,관악구 전체,관악구 추가,서초구 전체,서추구 추가,강남구 전체,강남구 추가,송파구 전체,송파구 추가,강동구 전체,강동구 추가,기타 전체,기타 추가,수집일
2021.07.27.00,997,2,908,5,1832,13,1872,13,2065,8,2152,7,2516,12,2489,13,1726,5,1839,10,2755,7,2589,19,1578,11,2214,18,2046,10,2896,21,2110,11,1087,15,2424,16,2636,30,3194,31,2853,8,4354,19,3704,18,2438,16,5034,13,11:40.0
2021.07.26.00,995,4,906,7,1819,7,1861,14,2057,12,2145,8,2504,6,2476,11,1721,12,1829,3,2748,11,2570,13,1567,11,2196,12,2036,9,2875,18,2099,21,1072,11,2408,22,2606,15,3163,30,2845,13,4336,24,3685,13,2421,20,5017,14,11:40.0
2021.07.25.00,991,10,899,7,1812,12,1847,6,2045,14,2137,7,2498,18,2466,17,1709,12,1825,8,2737,11,2558,23,1557,19,2185,32,2027,3,2857,16,2077,27,1061,10,2386,27,2590,33,3133,52,2832,26,4311,32,3672,22,2401,22,5003,23,11:40.0
2021.07.24.00,981,4,892,9,1800,15,1841,16,2031,18,2129,8,2481,25,2449,8,1697,17,1817,13,2726,12,2535,14,1538,20,2154,21,2028,12,2838,8,2050,20,1051,13,2358,13,2557,30,3082,40,2805,21,4278,32,3651,34,2379,18,4980,24,11:40.0
2021.07.23.00,976,7,885,11,1785,19,1825,17,2013,19,2120,12,2456,18,2441,16,1680,15,1804,6,2714,13,2522,26,1518,17,2133,24,2016,9,2830,28,2030,26,1038,16,2346,18,2526,30,3042,32,2784,32,4246,39,3617,24,2361,25,4955,21,11:40.0
2021.07.22.00,969,11,874,6,1766,15,1808,22,1994,9,2108,18,2438,14,2425,7,1665,10,1798,18,2701,22,2496,19,1501,10,2109,15,2007,11,2802,17,2004,21,1022,11,2328,15,2496,26,3010,60,2752,28,4207,34,3593,27,2336,27,4934,26,11:40.0
2021.07.21.00,958,10,871,6,1752,27,1786,17,1985,23,2090,10,2424,14,2418,27,1655,11,1780,14,2679,20,2476,30,1491,30,2094,27,1997,22,2784,19,1983,27,1011,13,2312,23,2470,43,2950,61,2723,33,4173,37,3567,26,2308,15,4907,19,11:40.0
2021.07.20.00,948,5,867,5,1725,9,1769,11,1962,15,2082,6,2410,13,2391,21,1644,6,1766,13,2659,15,2446,16,1461,7,2067,15,1975,15,2765,8,1956,23,998,6,2289,26,2427,28,2889,32,2690,27,4136,35,3541,14,2293,10,4884,13,11:40.0
2021.07.19.00,943,8,862,7,1716,13,1759,12,1947,8,2077,13,2397,17,2370,19,1638,8,1753,13,2644,16,2430,14,1455,8,2052,24,1960,5,2757,17,1934,19,991,7,2262,27,2399,20,2855,32,2664,24,4101,32,3527,22,2283,23,4870,11,11:40.0
2021.07.18.00,934,6,855,10,1703,19,1746,12,1939,18,2066,14,2380,15,2351,18,1629,15,1740,10,2628,26,2415,17,1447,14,2028,20,1955,8,2740,12,1915,25,984,17,2237,17,2379,29,2824,56,2640,34,4070,31,3505,37,2260,11,4857,32,11:40.0
2021.07.17.00,928,9,847,6,1684,20,1734,16,1921,6,2052,14,2364,26,2333,19,1614,22,1730,12,2602,20,2398,15,1433,11,2008,27,1947,17,2728,31,1890,24,967,13,2220,19,2350,19,2768,62,2606,35,4039,50,3468,27,2249,13,4824,29,11:40.0
2021.07.16.00,919,5,841,11,1664,14,1718,15,1915,16,2038,12,2338,24,2314,19,1592,21,1718,16,2582,31,2383,15,1422,12,1981,26,1930,9,2697,25,1866,24,954,8,2201,21,2331,33,2706,54,2571,30,3989,50,3441,34,2236,14,4795,31,11:40.0
2021.07.15.00,914,9,830,9,1650,15,1703,20,1899,20,2026,10,2314,19,2295,12,1571,20,1703,15,2551,27,2368,16,1411,8,1954,27,1922,15,2672,21,1842,15,946,10,2180,26,2298,20,2652,54,2541,21,3938,46,3407,32,2222,10,4764,23,11:40.0
2021.07.14.00,906,5,823,10,1635,24,1683,21,1879,13,2016,10,2295,26,2285,28,1551,19,1688,17,2524,24,2351,25,1403,14,1927,35,1907,25,2651,27,1828,29,936,10,2154,31,2278,22,2598,43,2520,38,3892,56,3374,43,2212,17,4737,26,11:40.0
2021.07.13.00,901,13,813,5,1611,13,1662,19,1866,13,2006,12,2269,11,2257,15,1532,6,1671,7,2500,22,2326,20,1388,4,1892,20,1882,14,2624,19,1799,13,926,11,2123,19,2256,15,2555,29,2482,10,3836,46,3332,30,2195,13,4711,18,11:40.0
2021.07.12.00,888,5,808,2,1598,9,1643,9,1853,21,1996,9,2258,10,2242,9,1525,12,1664,13,2478,16,2306,16,1384,6,1872,20,1867,16,2605,17,1786,18,915,9,2105,18,2240,19,2527,26,2472,22,3792,42,3302,36,2182,10,4690,13,11:40.0
2021.07.11.00,883,4,806,3,1589,14,1633,32,1831,15,1986,27,2248,9,2235,15,1513,6,1651,20,2462,18,2289,14,1378,11,1855,25,1851,15,2587,16,1769,14,905,11,2087,21,2221,24,2501,27,2449,26,3750,61,3267,36,2172,19,4677,26,11:40.0
2021.07.10.00,879,9,803,10,1575,15,1601,20,1816,17,1959,18,2239,8,2220,17,1507,12,1631,15,2444,23,2275,11,1367,15,1830,27,1836,18,2571,22,1755,20,894,11,2066,23,2197,25,2474,32,2423,27,3689,58,3231,16,2153,14,4651,26,11:40.0
2021.07.09.00,870,3,793,6,1560,17,1580,22,1799,24,1942,22,2231,12,2201,22,1496,13,1616,24,2421,13,2264,22,1352,10,1803,20,1819,13,2549,20,1734,19,883,12,2044,17,2172,23,2442,23,2396,29,3631,44,3215,26,2139,25,4625,22,11:40.0
2021.07.08.00,869,6,788,10,1543,18,1559,36,1775,22,1919,13,2219,13,2180,20,1483,15,1591,24,2407,20,2243,21,1342,14,1783,19,1806,10,2529,21,1717,18,871,11,2026,22,2149,23,2419,19,2367,27,3587,57,3188,27,2114,32,4600,32,11:40.0
2021.07.07.00,864,11,778,8,1525,26,1524,24,1753,27,1906,16,2206,5,2158,21,1468,4,1567,12,2387,17,2221,25,1329,15,1765,23,1796,22,2508,33,1700,21,860,7,2004,39,2126,15,2401,31,2340,32,3528,67,3162,32,2082,20,4566,30,11:40.0
2021.07.06.00,853,3,770,3,1499,16,1499,18,1726,11,1891,10,2201,11,2137,13,1464,6,1555,6,2370,23,2196,10,1314,11,1742,11,1774,11,2475,11,1679,4,853,7,1967,13,2111,10,2370,13,2308,19,3461,36,3130,20,2061,7,4535,17,11:40.0
2021.07.05.00,850,8,768,8,1483,19,1481,6,1715,13,1881,16,2189,9,2122,8,1459,4,1549,6,2347,18,2186,7,1303,8,1731,14,1763,13,2465,13,1675,5,846,7,1954,15,2102,9,2357,18,2289,19,3426,34,3109,19,2054,4,4517,7,11:40.0
2021.07.04.00,842,7,760,4,1464,13,1475,15,1702,9,1865,7,2180,5,2114,17,1455,10,1543,13,2329,15,2179,12,1295,11,1717,17,1750,4,2452,12,1670,4,839,7,1939,10,2093,8,2339,8,2270,18,3392,19,3090,21,2050,8,4510,15,11:40.0
2021.07.03.00,835,6,756,6,1451,24,1460,9,1693,5,1858,12,2175,9,2097,14,1444,5,1530,15,2314,20,2168,16,1284,7,1700,22,1745,9,2440,18,1667,4,832,4,1929,20,2085,8,2331,19,2252,16,3373,53,3070,22,2042,9,4495,7,11:40.0
2021.07.02.00,830,7,750,2,1428,17,1451,9,1687,10,1846,10,2166,4,2083,12,1439,8,1515,11,2295,16,2152,11,1276,15,1679,18,1736,7,2423,20,1663,10,829,2,1908,12,2077,22,2312,15,2235,20,3320,51,3047,19,2033,9,4488,10,11:40.0
2021.07.01.00,823,2,748,2,1411,13,1442,14,1677,10,1836,13,2162,11,2071,10,1431,14,1504,7,2279,10,2141,8,1261,5,1661,21,1729,9,2403,15,1653,4,827,3,1896,10,2055,12,2297,13,2215,20,3269,57,3028,21,2024,17,4478,13,11:40.0
2021.06.30.00,821,1,747,9,1398,15,1429,18,1668,18,1823,18,2151,6,2059,12,1417,12,1497,11,2269,7,2133,14,1256,6,1640,20,1720,9,2388,27,1649,8,824,4,1886,12,2044,12,2284,11,2195,23,3212,49,3007,18,2006,15,4464,20,11:40.0
2021.06.29.00,820,2,738,2,1383,6,1411,4,1650,14,1806,6,2146,4,2047,10,1405,5,1486,1,2262,6,2119,8,1250,6,1620,13,1711,6,2361,11,1641,8,820,1,1874,7,2032,3,2273,3,2172,11,3163,36,2990,11,1991,10,4441,11,11:40.0
2021.06.28.00,818,3,735,2,1377,7,1407,7,1636,10,1800,6,2142,4,2037,6,1400,3,1485,3,2256,7,2111,10,1244,3,1607,7,1705,12,2350,6,1633,6,819,5,1867,7,2029,6,2270,3,2161,7,3128,30,2979,11,1981,6,4430,8,11:40.0
2021.06.27.00,815,5,733,2,1370,9,1400,27,1626,8,1794,4,2138,4,2031,11,1397,1,1482,1,2249,7,2101,12,1240,17,1599,10,1693,5,2344,9,1628,12,814,1,1860,9,2023,8,2267,4,2155,9,3098,28,2968,16,1975,7,4422,16,11:40.0
2021.06.26.00,810,4,731,1,1361,10,1373,13,1619,13,1790,3,2134,8,2020,9,1396,5,1481,5,2242,10,2089,13,1225,10,1588,16,1688,3,2335,11,1616,7,813,8,1851,11,2015,8,2263,8,2146,9,3070,38,2952,13,1968,16,4404,11,11:40.0
2021.06.25.00,806,4,730,7,1351,8,1360,13,1606,7,1787,5,2126,6,2011,15,1391,4,1476,2,2232,13,2076,14,1215,9,1572,19,1685,5,2324,5,1609,13,805,2,1840,20,2007,3,2255,17,2137,18,3032,31,2939,8,1952,10,4393,11,11:40.0
2021.06.24.00,802,6,724,6,1343,9,1347,14,1601,1,1782,1,2120,3,1995,7,1388,6,1474,4,2219,11,2062,13,1206,5,1553,10,1679,4,2320,17,1596,6,803,2,1820,15,2004,4,2238,12,2119,16,3001,34,2930,17,1940,12,4382,17,11:40.0
2021.06.23.00,796,1,718,2,1334,8,1333,8,1600,10,1781,8,2116,5,1988,12,1382,1,1470,6,2208,14,2049,6,1201,8,1543,6,1675,12,2303,15,1590,5,801,1,1805,11,2000,9,2226,21,2103,13,2968,27,2912,7,1928,11,4366,9,11:40.0
2021.06.22.00,795,0,716,0,1326,5,1325,3,1590,5,1773,3,2111,4,1977,8,1381,5,1464,1,2194,1,2043,3,1193,1,1537,4,1663,8,2289,6,1585,2,800,1,1794,4,1991,3,2205,9,2090,8,2941,26,2905,8,1917,4,4356,10,11:40.0
2021.06.21.00,795,0,718,2,1321,6,1322,8,1585,7,1770,3,2107,2,1969,6,1376,2,1463,3,2193,5,2040,6,1192,1,1533,4,1654,6,2283,3,1583,9,799,2,1790,5,1988,6,2196,6,2082,7,2915,21,2897,7,1913,2,4345,5,11:40.0
2021.06.20.00,794,3,717,2,1309,9,1305,6,1568,8,1764,6,2098,9,1960,5,1370,2,1458,2,2186,10,2031,8,1188,3,1518,7,1644,7,2276,7,1569,8,790,6,1774,22,1971,9,2186,4,2061,8,2867,18,2884,17,1909,2,4333,9,11:40.0
2021.06.19.00,794,3,717,2,1309,9,1305,6,1568,8,1764,6,2098,9,1960,5,1370,2,1458,2,2186,10,2031,8,1188,3,1518,7,1644,7,2276,7,1569,8,790,6,1774,22,1971,9,2186,4,2061,8,2867,18,2884,17,1909,2,4333,9,11:40.0
2021.06.18.00,791,2,716,2,1300,14,1299,6,1560,7,1758,8,2089,3,1955,11,1368,1,1456,1,2176,14,2023,3,1185,1,1511,8,1637,7,2269,3,1561,5,784,2,1752,10,1962,8,2182,13,2053,13,2849,19,2867,16,1907,9,4323,14,11:40.0
2021.06.17.00,789,1,714,5,1286,13,1293,6,1553,7,1750,9,2085,9,1945,8,1366,2,1456,7,2162,6,2020,2,1184,1,1504,11,1630,4,2266,6,1556,3,782,3,1742,6,1954,8,2169,18,2040,14,2830,30,2851,12,1898,4,4308,6,11:40.0
2021.06.16.00,788,1,709,2,1273,11,1287,10,1546,14,1741,9,2076,6,1937,1,1364,10,1449,4,2156,1,2018,7,1183,4,1493,8,1626,3,2260,5,1553,6,780,3,1736,8,1946,2,2150,12,2026,16,2800,31,2839,14,1894,8,4302,5,11:40.0
2021.06.15.00,786,2,708,2,1262,2,1277,3,1532,2,1732,8,2070,4,1936,1,1354,5,1445,3,2155,6,2010,0,1179,2,1485,5,1623,5,2255,4,1547,2,777,1,1728,3,1944,5,2138,4,2010,8,2769,24,2825,14,1886,11,4299,6,11:40.0
2021.06.14.00,784,3,706,2,1260,9,1274,4,1530,8,1724,7,2066,3,1934,5,1349,2,1442,1,2148,3,2010,5,1177,1,1481,6,1618,2,2251,1,1545,2,776,2,1725,4,1939,2,2134,7,2002,8,2745,17,2811,7,1875,7,4294,4,11:40.0
2021.06.13.00,781,1,704,1,1251,6,1270,4,1522,6,1717,14,2063,3,1929,4,1347,4,1441,4,2145,6,2005,5,1175,10,1475,7,1616,5,2250,1,1543,3,774,5,1721,6,1937,5,2128,3,1994,9,2728,27,2804,19,1868,5,4290,13,11:40.0
2021.06.12.00,780,2,703,2,1245,8,1266,9,1516,10,1703,10,2060,4,1925,5,1343,11,1437,1,2139,11,2000,7,1165,8,1468,7,1611,9,2249,5,1540,3,769,4,1715,4,1932,6,2126,19,1985,12,2701,18,2783,14,1863,5,4278,14,11:40.0
2021.06.11.00,778,4,700,8,1238,14,1257,3,1506,5,1693,10,2056,2,1920,11,1332,13,1436,2,2128,9,1993,8,1157,6,1461,7,1602,11,2244,1,1536,8,765,2,1711,6,1926,2,2107,10,1973,8,2684,24,2769,11,1858,10,4266,9,11:40.0
2021.06.10.00,774,5,692,5,1224,11,1254,6,1501,6,1683,6,2054,6,1909,5,1319,6,1434,4,2119,7,1985,6,1151,8,1454,3,1591,3,2243,9,1528,6,763,2,1705,12,1924,11,2097,5,1965,15,2660,32,2758,15,1848,7,4257,12,11:40.0
2021.06.09.00,769,1,687,2,1213,10,1248,5,1495,4,1677,3,2048,3,1904,2,1313,0,1430,3,2112,5,1979,11,1143,3,1451,10,1588,5,2234,5,1522,4,761,3,1693,16,1913,8,2092,8,1950,11,2628,26,2744,14,1841,6,4244,15,11:40.0
2021.06.08.00,768,1,688,2,1203,9,1243,4,1491,5,1674,2,2044,4,1902,8,1314,3,1426,2,2107,5,1968,4,1140,1,1441,5,1583,5,2229,7,1518,6,758,4,1677,8,1905,4,2084,3,1939,9,2602,14,2730,9,1835,10,4228,5,11:40.0
2021.06.07.00,767,2,687,5,1194,9,1239,4,1486,2,1673,5,2040,5,1894,6,1310,5,1424,1,2102,3,1964,4,1140,3,1436,4,1577,4,2222,4,1512,4,754,4,1669,8,1901,12,2081,15,1930,8,2588,10,2721,17,1825,9,4222,6,11:40.0
2021.06.06.00,765,1,686,4,1185,4,1236,6,1484,3,1668,4,2035,6,1887,7,1305,3,1423,1,2099,12,1961,8,1137,5,1432,8,1573,5,2218,7,1508,2,750,6,1661,6,1889,13,2066,9,1922,10,2578,18,2704,17,1815,7,4212,7,11:40.0
2021.06.05.00,764,2,682,7,1181,2,1230,7,1481,13,1664,6,2029,10,1880,16,1302,10,1422,3,2087,23,1953,8,1131,3,1424,5,1568,10,2211,2,1506,7,744,2,1655,15,1876,12,2057,7,1913,19,2560,22,2687,26,1808,16,4205,24,11:40.0
2021.06.04.00,762,1,676,2,1179,5,1223,7,1468,12,1658,7,2019,7,1864,9,1292,2,1419,5,2064,8,1945,6,1128,6,1419,9,1558,4,2209,4,1499,3,742,5,1640,3,1864,16,2050,8,1895,7,2538,16,2660,28,1792,20,4180,6,11:40.0
2021.06.03.00,761,2,674,2,1174,8,1216,3,1456,6,1651,7,2012,8,1855,8,1290,10,1414,6,2056,9,1940,4,1122,9,1410,13,1554,8,2205,11,1496,1,737,5,1637,6,1848,10,2042,7,1889,7,2522,20,2632,17,1772,17,4172,11,11:40.0
2021.06.02.00,759,1,673,2,1166,6,1213,9,1450,8,1644,7,2004,25,1848,9,1280,13,1408,11,2047,8,1936,8,1113,8,1397,7,1546,4,2194,5,1495,2,732,9,1631,4,1838,11,2035,6,1882,18,2502,25,2616,17,1755,14,4158,21,11:40.0
2021.06.01.00,758,0,671,1,1160,0,1204,2,1442,5,1637,3,1979,6,1840,13,1267,16,1397,7,2039,11,1928,5,1105,5,1390,3,1542,3,2189,6,1493,4,723,4,1627,3,1827,3,2029,2,1864,8,2477,20,2599,8,1741,4,4136,5,11:40.0
2021.05.31.00,758,0,670,1,1160,2,1202,7,1436,2,1634,5,1973,12,1827,4,1251,7,1390,2,2028,8,1923,0,1100,3,1387,8,1539,5,2183,6,1489,2,719,8,1624,5,1824,4,2028,4,1856,3,2457,14,2591,10,1737,7,4131,1,11:40.0
2021.05.30.00,758,3,669,0,1158,4,1195,5,1434,6,1629,7,1961,4,1823,11,1244,6,1388,5,2020,12,1923,2,1097,13,1379,5,1534,5,2177,6,1487,5,711,5,1619,1,1820,4,2024,5,1853,5,2443,16,2581,16,1730,6,4130,3,11:40.0
2021.05.29.00,755,1,669,2,1154,15,1190,6,1428,10,1622,3,1957,13,1812,6,1238,4,1383,5,2008,10,1921,2,1084,7,1374,10,1529,1,2171,3,1482,6,706,4,1618,6,1816,3,2019,3,1848,12,2427,15,2565,28,1724,7,4127,12,11:40.0
2021.05.28.00,754,2,667,7,1139,10,1184,7,1418,3,1620,8,1944,7,1806,5,1234,8,1378,6,1998,12,1919,9,1076,9,1364,8,1528,8,2168,9,1477,13,702,7,1612,10,1813,4,2016,4,1836,10,2411,14,2537,15,1717,6,4115,13,11:40.0
2021.05.27.00,752,4,660,0,1129,6,1177,8,1415,7,1612,4,1937,13,1801,7,1226,6,1373,2,1986,11,1910,9,1067,11,1356,9,1520,4,2159,4,1464,5,695,2,1602,8,1809,6,2012,7,1826,17,2397,19,2521,22,1711,16,4102,11,11:40.0
2021.05.26.00,748,5,660,4,1123,12,1170,11,1408,11,1608,1,1924,13,1794,10,1220,14,1371,8,1975,14,1901,3,1056,15,1347,5,1516,5,2155,7,1459,8,693,8,1594,16,1803,7,2005,9,1809,21,2378,17,2499,17,1695,17,4090,4,11:40.0
2021.05.25.00,743,0,656,1,1111,7,1159,3,1397,0,1607,4,1911,10,1784,9,1206,4,1363,5,1961,7,1898,6,1041,5,1342,3,1512,0,2148,2,1451,6,685,10,1578,2,1796,3,1996,2,1789,9,2361,10,2480,14,1679,14,4085,2,11:40.0
2021.05.24.00,743,1,655,2,1104,2,1156,7,1397,8,1603,8,1901,5,1775,4,1202,3,1358,3,1954,10,1892,3,1036,5,1339,1,1512,1,2146,2,1445,2,675,1,1576,5,1793,9,1994,5,1780,3,2351,12,2466,16,1665,13,4083,8,11:40.0
2021.05.23.00,742,3,653,2,1102,5,1149,2,1388,11,1595,2,1896,6,1771,8,1199,6,1355,2,1944,12,1889,7,1031,6,1338,6,1511,1,2144,4,1443,6,674,6,1571,7,1784,10,1989,9,1777,4,2339,9,2450,26,1653,17,4075,4,11:40.0
2021.05.22.00,739,3,651,5,1097,5,1147,6,1378,15,1593,7,1890,10,1763,6,1196,5,1340,6,1934,12,1882,11,1025,6,1332,10,1510,6,2140,9,1437,1,668,6,1564,8,1774,5,1980,4,1774,9,2330,15,2424,18,1636,10,4077,10,11:40.0
2021.05.21.00,737,0,646,1,1092,5,1142,4,1363,10,1586,7,1880,10,1757,5,1184,8,1350,2,1922,13,1871,5,1019,4,1322,8,1504,7,2131,5,1436,3,662,6,1556,8,1769,4,1976,4,1762,3,2320,12,2405,20,1624,10,4057,8,11:40.0
2021.05.20.00,737,3,645,4,1087,3,1138,5,1354,7,1579,19,1870,7,1752,14,1176,2,1348,7,1909,11,1866,7,1015,11,1314,3,1497,5,2126,13,1433,11,657,7,1547,12,1765,7,1972,11,1759,6,2308,25,2384,24,1614,13,4049,5,11:40.0
2021.05.19.00,734,6,641,5,1084,3,1133,5,1347,5,1560,5,1863,10,1738,8,1174,7,1341,9,1898,10,1859,8,1004,5,1311,11,1492,10,2113,10,1422,12,650,5,1535,12,1758,11,1961,9,1753,9,2283,32,2360,17,1601,13,4044,12,11:39.0
2021.05.18.00,728,4,637,2,1081,4,1128,2,1342,9,1554,7,1853,3,1730,8,1168,14,1332,9,1889,9,1851,7,999,1,1300,3,1482,4,2103,5,1410,7,645,2,1523,8,1747,4,1952,6,1744,6,2251,15,2343,12,1588,12,4030,9,11:39.0
2021.05.17.00,724,2,635,1,1077,2,1126,6,1333,10,1547,8,1850,8,1721,11,1155,8,1323,7,1880,14,1844,4,998,9,1297,6,1478,7,2098,3,1403,14,643,1,1515,7,1743,13,1946,7,1738,3,2235,13,2332,12,1576,17,4021,2,11:39.0
2021.05.16.00,722,6,634,4,1075,2,1120,3,1325,8,1539,6,1842,12,1710,14,1147,8,1316,10,1866,14,1840,7,989,10,1291,2,1471,8,2095,7,1389,5,642,4,1508,11,1730,6,1939,7,1735,6,2221,29,2320,7,1558,9,4019,8,11:39.0
2021.05.15.00,716,5,630,1,1073,7,1118,3,1317,3,1534,9,1830,17,1696,12,1139,16,1306,17,1852,19,1833,8,979,3,1290,7,1463,2,2088,8,1384,14,638,7,1497,17,1724,8,1931,13,1729,9,2192,16,2313,13,1549,6,4009,14,11:39.0
2021.05.14.00,711,1,629,2,1066,4,1115,7,1314,2,1525,8,1813,7,1684,10,1123,19,1289,12,1833,20,1825,3,976,5,1283,6,1461,4,2080,8,1370,6,631,4,1480,8,1716,8,1918,17,1720,15,2176,11,2300,18,1543,12,3995,14,11:39.0
2021.05.13.00,710,7,627,1,1062,6,1108,10,1313,6,1517,11,1806,14,1674,4,1104,11,1277,9,1813,20,1822,8,971,2,1277,10,1457,7,2072,5,1364,7,627,4,1472,9,1708,5,1901,9,1705,12,2165,18,2282,11,1531,16,3980,5,11:39.0
2021.05.12.00,703,1,626,5,1056,7,1098,2,1307,5,1506,7,1792,9,1670,12,1093,9,1268,8,1793,10,1814,8,969,7,1268,0,1450,12,2067,7,1357,11,623,9,1463,12,1703,7,1892,15,1693,14,2147,20,2271,8,1515,7,3974,11,11:39.0
2021.05.12.00,703,1,626,5,1056,7,1098,2,1307,5,1506,7,1792,9,1670,12,1093,9,1268,8,1793,10,1814,8,969,7,1268,0,1450,12,2067,7,1357,11,623,9,1463,12,1703,7,1892,15,1693,14,2147,20,2271,8,1515,7,3974,11,11:39.0
2021.05.11.00,702,0,621,2,1049,4,1096,7,1302,7,1501,11,1783,9,1658,7,1084,13,1260,7,1783,10,1806,7,962,3,1268,3,1438,7,2060,6,1346,3,615,4,1451,7,1696,10,1877,3,1679,6,2127,13,2263,5,1507,5,3961,4,11:39.0
2021.05.10.00,702,0,622,2,1045,3,1089,7,1293,7,1490,8,1774,8,1651,10,1071,4,1253,4,1773,7,1799,11,959,0,1265,4,1431,9,2054,4,1343,1,611,0,1444,1,1686,6,1874,7,1673,6,2113,13,2257,7,1502,9,3958,3,11:39.0
2021.05.09.00,702,3,620,4,1042,1,1082,7,1286,8,1482,6,1766,4,1641,16,1067,8,1249,13,1766,16,1788,8,959,3,1261,10,1422,8,2050,5,1342,4,611,5,1444,4,1680,13,1867,3,1667,8,2100,17,2250,8,1493,5,3954,8,11:39.0
2021.05.08.00,699,1,616,6,1041,3,1075,8,1278,7,1475,13,1762,3,1625,14,1059,15,1236,11,1750,14,1780,15,956,10,1252,5,1414,6,2045,11,1338,2,605,3,1441,5,1667,7,1864,4,1659,6,2083,38,2242,13,1488,12,3946,10,11:39.0
2021.05.07.00,698,0,610,1,1038,3,1067,9,1274,6,1462,4,1759,7,1611,3,1044,14,1225,12,1736,7,1765,15,945,3,1248,2,1408,3,2034,3,1336,13,602,4,1436,11,1660,3,1860,11,1653,6,2045,11,2229,13,1476,6,3933,9,11:39.0
2021.05.06.00,698,2,609,9,1035,10,1058,7,1268,10,1458,8,1752,11,1609,6,1029,8,1213,19,1729,6,1750,7,942,5,1247,2,1405,5,2031,7,1323,4,598,4,1425,10,1657,4,1849,8,1647,14,2034,19,2216,12,1470,6,3923,9,11:39.0
2021.05.05.00,696,2,600,4,1025,9,1050,3,1259,11,1451,19,1740,11,1603,12,1021,6,1194,6,1723,11,1743,10,937,4,1245,12,1400,7,2024,5,1319,2,594,3,1415,12,1653,15,1841,10,1633,10,2015,16,2204,17,1464,8,3914,13,
2021.05.04.00,694,3,596,2,1016,4,1047,5,1248,10,1432,10,1729,9,1591,6,1015,10,1188,2,1712,4,1733,15,933,3,1233,2,1393,4,2019,7,1317,5,591,3,1403,6,1638,9,1831,11,1623,5,1999,18,2187,9,1456,15,3901,7,
2021.05.03.00,691,1,595,3,1012,4,1042,2,1238,6,1422,6,1720,7,1584,6,1005,4,1186,4,1708,13,1718,8,930,2,1231,5,1389,3,2012,5,1312,0,588,2,1398,3,1628,9,1820,2,1618,8,1982,12,2178,7,1441,3,3893,2,
2021.05.02.00,690,3,592,3,1008,6,1040,6,1232,1,1416,11,1713,10,1578,4,1001,1,1182,5,1695,8,1710,4,928,6,1226,1,1386,5,2007,7,1312,2,585,8,1396,6,1619,4,1818,15,1610,13,1970,19,2171,13,1438,11,3891,10,
2021.05.01.00,687,7,589,2,1002,8,1034,0,1231,3,1405,14,1703,7,1574,8,1000,3,1177,5,1687,10,1706,12,922,1,1225,7,1381,5,2000,9,1310,3,577,2,1390,14,1615,11,1803,13,1597,10,1951,12,2158,12,1427,9,3881,8,
2021.04.30.00,680,3,587,0,994,6,1033,5,1228,6,1391,7,1696,7,1566,6,997,7,1172,7,1677,6,1694,18,921,5,1218,4,1376,10,1991,5,1306,7,575,0,1376,9,1604,14,1793,22,1587,12,1939,22,2146,16,1418,8,3872,15,
2021.04.29.00,677,3,587,5,988,8,1028,11,1222,10,1385,24,1689,14,1560,6,989,6,1165,7,1670,10,1676,10,916,1,1214,9,1366,6,1986,6,1299,6,576,4,1366,7,1587,5,1778,9,1576,7,1917,19,2130,15,1410,8,3853,11,
2021.04.28.00,674,2,582,2,980,5,1017,6,1212,10,1361,14,1676,19,1554,6,983,3,1158,12,1660,12,1667,12,915,4,1204,10,1360,4,1980,8,1293,4,572,7,1359,9,1582,15,1771,14,1569,10,1898,28,2115,16,1402,13,3841,14,
2021.04.27.00,672,1,581,1,975,2,1011,3,1202,5,1347,9,1657,6,1548,1,980,0,1146,5,1648,3,1655,7,911,0,1194,4,1356,3,1972,6,1290,2,565,0,1349,3,1567,5,1757,5,1559,3,1870,15,2099,9,1389,13,3826,5,
2021.04.26.00,671,3,580,1,973,5,1009,8,1196,8,1338,5,1651,10,1547,1,980,4,1141,10,1645,6,1648,7,912,3,1190,3,1353,4,1966,3,1288,3,565,3,1346,8,1562,5,1752,8,1556,7,1855,12,2090,17,1376,5,3820,5,
2021.04.25.00,668,2,579,3,968,4,1001,8,1188,7,1333,7,1641,6,1546,4,976,7,1131,6,1639,10,1641,6,909,3,1187,6,1349,7,1963,9,1285,6,562,6,1338,4,1557,11,1744,8,1549,8,1843,11,2073,10,1371,9,3815,7,
2021.04.24.00,666,2,576,7,964,4,993,9,1182,19,1326,13,1635,13,1542,3,969,3,1125,2,1629,13,1635,9,906,5,1182,10,1342,8,1954,16,1279,4,556,0,1334,8,1546,11,1736,5,1541,18,1832,21,2063,14,1362,20,3806,16,
2021.04.23.00,665,4,569,1,960,3,984,12,1164,16,1313,7,1622,14,1539,8,966,13,1123,7,1616,9,1626,6,901,1,1172,2,1334,7,1938,9,1275,1,556,4,1326,11,1535,3,1731,10,1523,9,1811,14,2050,11,1341,12,3788,10,
2021.04.22.00,661,4,568,3,957,2,971,8,1150,8,1307,14,1608,11,1531,6,953,12,1116,20,1607,13,1620,7,900,4,1170,6,1327,6,1929,5,1274,3,552,7,1315,10,1534,5,1720,14,1514,11,1797,18,2039,14,1329,6,3775,13,
2021.04.21.00,658,4,565,8,955,4,963,8,1142,8,1293,16,1597,12,1525,6,941,9,1096,7,1594,9,1613,11,896,6,1164,9,1321,8,1924,4,1271,7,545,3,1305,6,1529,8,1706,8,1503,10,1779,11,2023,20,1323,9,3763,7,
2021.04.20.00,654,2,560,2,951,1,955,4,1134,7,1277,10,1585,8,1519,9,932,7,1089,6,1585,6,1602,15,890,3,1155,4,1313,6,1920,4,1264,4,542,1,1299,2,1521,1,1698,9,1493,10,1768,10,2003,7,1314,4,3753,6,
2021.04.19.00,652,1,558,0,950,4,951,4,1127,8,1267,7,1577,10,1510,6,925,4,1083,4,1579,6,1587,7,887,3,1151,4,1308,6,1915,5,1260,2,541,2,1297,2,1520,11,1689,6,1483,14,1758,7,1996,10,1310,2,3747,2,
2021.04.18.00,651,3,558,5,946,3,947,8,1119,9,1260,6,1567,7,1505,11,920,5,1079,0,1573,8,1580,10,884,5,1147,6,1302,9,1910,12,1258,6,539,4,1295,6,1509,12,1684,11,1469,9,1751,15,1986,10,1308,14,3745,11,
2021.04.17.00,648,0,553,5,943,3,939,9,1110,10,1254,6,1560,11,1494,5,915,5,1079,3,1565,6,1570,11,879,1,1141,7,1293,3,1898,8,1252,7,536,4,1290,8,1497,10,1673,10,1460,9,1736,27,1976,12,1294,16,3732,21,
2021.04.16.00,648,0,548,1,940,3,930,7,1100,6,1248,8,1549,5,1489,8,910,3,1076,8,1559,14,1559,20,878,7,1134,7,1290,4,1890,5,1245,10,532,9,1282,11,1487,9,1663,9,1451,12,1709,20,1964,16,1278,9,3711,5,
2021.04.15.00,648,1,547,1,938,2,923,5,1094,11,1241,5,1544,21,1481,9,907,2,1068,2,1546,11,1539,9,871,8,1127,7,1286,5,1885,11,1235,6,523,4,1271,14,1478,1,1654,12,1439,12,1689,21,1948,19,1269,8,3704,10,
2021.04.14.00,647,2,546,3,936,4,918,5,1084,11,1236,13,1522,17,1472,5,905,7,1066,7,1535,8,1530,14,864,6,1120,8,1281,5,1874,6,1229,3,519,5,1258,7,1477,8,1642,22,1427,14,1668,18,1930,28,1261,12,3691,9,
2021.04.13.00,645,4,544,1,931,3,913,7,1073,16,1223,3,1505,3,1467,7,898,4,1059,10,1527,5,1516,7,858,4,1112,2,1276,8,1868,5,1226,2,514,1,1251,6,1469,13,1620,8,1413,11,1650,11,1902,4,1249,7,3682,6,
2021.04.12.00,641,0,543,2,928,3,906,5,1058,17,1220,5,1502,8,1461,10,894,1,1049,9,1522,9,1509,9,854,0,1110,4,1268,5,1863,3,1224,1,513,1,1245,6,1456,9,1612,8,1402,14,1639,8,1898,10,1242,7,3674,8,
2021.04.11.00,641,3,541,0,925,7,900,0,1041,3,1215,14,1494,16,1451,14,893,0,1040,4,1513,6,1501,9,854,4,1105,7,1263,20,1860,12,1223,4,512,3,1240,4,1447,16,1604,6,1388,21,1631,12,1888,13,1235,3,3666,13,
2021.04.10.00,638,2,541,4,918,4,900,4,1039,7,1202,11,1478,13,1437,9,893,1,1036,13,1507,6,1492,13,850,5,1098,7,1243,8,1848,6,1219,3,509,3,1236,7,1431,12,1598,7,1367,9,1619,16,1875,9,1231,12,3652,10,
2021.04.09.00,636,0,537,4,914,4,896,9,1032,4,1191,14,1465,20,1428,11,892,1,1023,4,1501,14,1479,16,845,3,1091,4,1235,3,1842,13,1215,6,506,2,1229,8,1419,8,1591,10,1358,14,1603,8,1866,13,1219,3,3643,19,
2021.04.08.00,636,4,535,3,910,1,887,7,1028,2,1177,10,1445,18,1416,10,891,3,1019,4,1487,17,1463,14,842,4,1088,2,1232,3,1829,9,1209,5,504,0,1220,10,1410,13,1581,10,1344,37,1595,20,1853,11,1216,11,3624,16,
2021.04.07.00,632,6,532,2,909,3,880,7,1026,7,1167,8,1427,13,1406,11,888,5,1015,3,1470,6,1449,23,838,2,1085,2,1227,1,1822,9,1204,8,504,6,1210,9,1397,12,1571,12,1307,9,1575,10,1842,9,1205,10,3609,5,
2021.04.06.00,626,0,530,0,906,0,873,5,1019,8,1159,7,1414,7,1395,7,883,2,1012,4,1464,4,1426,17,836,3,1083,3,1226,2,1813,4,1195,7,498,1,1200,1,1385,13,1559,12,1298,12,1564,5,1834,12,1195,5,3606,6,
2021.04.05.00,626,1,530,1,906,2,868,8,1011,7,1152,2,1407,9,1388,4,881,4,1008,2,1460,8,1409,5,833,3,1080,5,1224,4,1809,5,1188,8,497,0,1199,3,1372,9,1547,21,1286,18,1559,4,1822,10,1190,3,3600,6,
2021.04.04.00,625,0,529,2,904,2,860,6,1004,5,1150,1,1398,7,1384,6,877,1,1006,4,1452,8,1404,10,830,1,1075,5,1220,2,1804,6,1180,3,497,0,1196,4,1363,13,1526,16,1268,10,1555,8,1812,11,1187,6,3594,12,
2021.04.03.00,625,1,527,1,902,2,854,2,999,5,1149,1,1391,9,1378,4,876,7,1002,2,1444,8,1394,18,829,4,1070,8,1218,7,1798,4,1177,5,497,2,1192,5,1350,4,1510,7,1258,11,1547,11,1801,9,1181,1,3582,15,
2021.04.02.00,624,3,526,1,900,8,852,2,994,4,1148,4,1382,13,1374,8,869,1,1000,2,1436,9,1376,9,825,2,1062,10,1211,6,1794,9,1172,5,495,2,1187,9,1346,7,1503,3,1247,7,1536,15,1792,15,1180,6,3567,8,
2021.04.01.00,621,1,525,3,892,4,850,8,990,3,1144,5,1369,13,1366,5,868,6,998,5,1427,8,1367,13,823,4,1052,4,1205,6,1785,11,1167,5,493,3,1178,6,1339,10,1500,8,1240,8,1521,21,1777,20,1174,8,3559,11,
2021.03.31.00,620,5,522,3,888,6,842,6,987,7,1139,2,1356,9,1361,1,862,10,993,5,1419,1,1354,12,819,2,1048,5,1199,4,1774,5,1162,10,490,2,1172,4,1329,7,1492,13,1232,7,1500,7,1757,9,1166,4,3548,12,
2021.03.30.00,615,7,519,4,882,1,836,6,980,8,1137,2,1347,22,1360,2,852,5,988,2,1418,3,1342,5,817,5,1043,5,1195,3,1769,9,1152,9,488,1,1168,2,1322,9,1479,3,1225,11,1493,2,1748,4,1162,6,3536,9,
2021.03.29.00,608,3,515,1,881,2,830,6,972,5,1135,3,1325,7,1358,2,847,6,986,2,1415,3,1337,4,812,6,1038,4,1192,0,1760,4,1143,1,487,1,1166,3,1313,3,1476,3,1214,5,1491,8,1744,6,1156,9,3527,9,
2021.03.28.00,605,2,514,2,879,3,824,4,967,6,1132,4,1318,8,1356,8,841,5,984,2,1412,7,1333,1,806,2,1034,9,1192,1,1756,2,1142,13,486,1,1163,5,1310,5,1473,4,1209,9,1483,8,1738,7,1147,12,3518,9,
2021.03.27.00,603,0,512,4,876,2,820,4,961,5,1128,4,1310,3,1348,5,836,4,982,3,1405,5,1332,3,804,1,1025,7,1191,9,1754,6,1129,4,485,1,1158,2,1305,8,1469,8,1200,7,1475,8,1731,7,1135,6,3509,9,
2021.03.26.00,603,1,508,2,874,4,816,3,956,3,1124,3,1307,4,1343,6,832,8,979,0,1400,6,1329,4,803,4,1018,4,1182,5,1748,5,1125,2,484,0,1156,5,1297,8,1461,8,1193,13,1467,7,1724,2,1129,10,3500,7,
2021.03.25.00,602,0,506,4,870,1,813,2,953,4,1121,4,1303,2,1337,3,824,3,979,5,1394,18,1325,8,799,1,1014,2,1177,2,1743,8,1123,1,484,2,1151,5,1289,3,1453,4,1180,7,1460,13,1722,3,1119,6,3493,14,
2021.03.24.00,602,5,502,4,869,4,811,4,949,3,1117,3,1301,9,1334,4,821,4,974,2,1376,9,1317,9,798,4,1012,5,1175,6,1735,3,1122,6,482,0,1146,4,1286,7,1449,11,1173,1,1447,7,1719,2,1113,13,3479,10,
2021.03.23.00,597,0,498,4,865,5,807,4,946,3,1114,1,1292,1,1330,4,817,4,972,2,1367,2,1308,9,794,1,1007,2,1169,4,1732,3,1116,5,482,1,1142,3,1279,6,1438,3,1172,2,1440,13,1717,7,1100,5,3469,3,
2021.03.22.00,597,2,494,2,860,7,803,2,943,4,1113,0,1291,2,1326,7,813,3,970,1,1365,12,1299,3,793,3,1005,3,1165,2,1729,3,1111,4,481,1,1139,1,1273,4,1435,4,1170,2,1427,10,1710,12,1095,6,3466,8,
2021.03.21.00,595,2,492,4,853,7,801,6,939,8,1113,7,1289,3,1319,6,810,3,969,6,1353,7,1296,5,790,0,1002,2,1163,1,1726,5,1107,4,480,0,1138,3,1269,12,1431,5,1168,4,1417,6,1698,6,1089,6,3458,6,
2021.03.20.00,593,1,488,3,846,10,795,8,931,13,1106,6,1286,6,1313,5,807,3,963,3,1346,4,1291,4,790,0,1000,1,1162,4,1721,5,1103,1,480,2,1135,6,1257,2,1426,4,1164,3,1411,2,1692,7,1083,12,3452,3,
2021.03.19.00,592,3,485,5,836,1,787,10,918,17,1100,7,1280,8,1308,6,804,6,960,1,1342,5,1287,6,790,2,999,2,1158,7,1716,4,1102,1,478,0,1129,4,1255,2,1422,3,1161,4,1409,12,1685,8,1071,15,3449,7,
2021.03.18.00,589,3,480,5,835,7,777,6,901,7,1093,4,1272,8,1302,3,798,7,959,3,1337,6,1281,3,788,1,997,2,1151,1,1712,3,1101,3,478,0,1125,4,1253,3,1419,6,1157,7,1397,13,1677,3,1056,8,3442,7,
2021.03.17.00,586,3,475,3,828,8,771,6,894,9,1089,2,1264,7,1299,4,791,1,956,1,1331,4,1278,11,787,1,995,3,1150,3,1709,2,1098,6,478,1,1121,3,1250,7,1413,3,1150,1,1384,4,1674,9,1048,10,3435,7,
2021.03.16.00,583,2,472,0,820,4,765,3,885,10,1087,0,1257,7,1295,0,790,4,955,1,1327,5,1267,5,786,1,992,3,1147,3,1707,5,1092,1,477,0,1118,1,1243,6,1410,0,1149,3,1380,4,1665,6,1038,3,3428,3,
2021.03.15.00,581,3,472,3,816,4,762,2,875,5,1087,1,1250,4,1295,5,786,1,954,3,1322,6,1262,1,785,4,989,2,1144,8,1702,4,1091,3,477,0,1117,4,1237,12,1410,7,1146,2,1376,2,1659,9,1035,6,3425,8,
2021.03.14.00,578,2,469,3,812,6,760,2,870,8,1086,2,1246,13,1290,2,785,2,951,6,1316,6,1261,3,781,2,987,4,1136,3,1698,7,1088,1,477,1,1113,0,1225,4,1403,5,1144,5,1374,6,1650,7,1029,7,3417,5,
2021.03.13.00,576,1,466,3,806,6,758,7,862,8,1084,4,1233,5,1288,3,783,2,945,9,1310,6,1258,7,779,7,983,1,1133,7,1691,8,1087,6,476,1,1113,1,1221,6,1398,5,1139,8,1368,6,1643,9,1022,7,3412,7,
2021.03.12.00,575,2,463,3,800,1,751,6,854,7,1080,4,1228,6,1285,2,781,2,936,10,1304,10,1251,13,772,1,982,2,1126,4,1683,6,1081,3,475,1,1112,2,1215,5,1393,2,1131,9,1362,9,1634,8,1015,14,3405,8,
2021.03.11.00,573,2,460,3,799,5,745,3,847,25,1076,7,1222,7,1283,4,779,5,926,1,1294,7,1238,10,771,2,980,1,1122,4,1677,2,1078,8,474,0,1110,2,1210,0,1391,3,1122,5,1353,8,1626,10,1001,7,3397,6,
2021.03.10.00,571,2,457,1,794,9,742,3,822,18,1069,5,1215,5,1279,4,774,5,925,7,1287,4,1228,14,769,4,979,2,1118,4,1675,3,1070,6,474,3,1108,6,1210,0,1388,1,1117,7,1345,6,1616,6,994,5,3391,9,
2021.03.09.00,569,1,456,1,785,9,739,1,804,4,1064,1,1210,5,1275,0,769,5,918,2,1283,2,1214,13,765,0,977,1,1114,4,1672,3,1064,7,471,1,1102,11,1210,1,1387,2,1110,5,1339,6,1610,4,989,7,3382,6,
2021.03.08.00,568,0,455,1,776,2,738,4,800,10,1063,1,1205,7,1275,6,764,1,916,5,1281,7,1201,7,765,0,976,1,1110,4,1669,2,1057,1,470,0,1091,4,1209,1,1385,2,1105,2,1333,3,1606,10,982,11,3376,8,
2021.03.07.00,568,0,454,2,774,3,734,2,790,14,1062,5,1198,4,1269,3,763,1,911,8,1274,12,1194,7,765,0,975,7,1106,5,1667,1,1056,3,470,1,1087,6,1208,11,1383,2,1103,3,1330,5,1596,3,971,10,3368,13,
2021.03.06.00,568,4,452,2,771,1,732,9,776,4,1057,6,1194,2,1266,5,762,3,903,5,1262,13,1187,10,765,4,968,4,1101,5,1666,1,1053,4,469,0,1081,5,1197,3,1381,3,1100,4,1325,11,1593,6,961,3,3355,10,
2021.03.05.00,564,1,450,1,770,1,723,3,772,9,1051,4,1192,13,1261,4,759,8,898,6,1249,12,1177,10,761,2,964,2,1096,0,1665,2,1049,0,469,1,1076,7,1194,6,1378,5,1096,2,1314,9,1587,6,958,8,3345,9,
2021.03.04.00,563,2,449,2,769,3,720,4,763,8,1047,10,1179,3,1257,8,751,0,892,5,1237,6,1167,11,759,4,962,3,1096,0,1663,4,1049,3,468,0,1069,2,1188,8,1373,1,1094,4,1305,10,1581,3,950,12,3336,5,
2021.03.03.00,561,0,447,2,766,0,716,7,755,10,1037,4,1176,4,1249,12,751,4,887,3,1231,5,1156,15,755,0,959,6,1096,3,1659,4,1046,2,468,0,1067,5,1180,6,1372,0,1090,3,1295,8,1578,4,938,7,3331,4,
2021.03.02.00,561,2,445,1,766,4,709,4,745,8,1033,4,1172,1,1237,8,747,4,884,3,1226,10,1141,7,755,0,953,5,1093,4,1655,5,1044,3,468,1,1062,3,1174,10,1372,1,1087,9,1287,8,1574,5,931,11,3327,5,
2021.03.01.00,559,2,444,1,762,5,705,2,737,3,1029,4,1171,3,1229,5,743,3,881,1,1216,9,1134,3,755,0,948,1,1089,4,1650,1,1041,2,467,2,1059,14,1164,7,1371,2,1078,4,1279,1,1569,3,920,3,3322,7,
2021.02.28.00,557,0,443,3,757,5,703,3,734,2,1025,13,1168,3,1224,4,740,4,880,6,1207,4,1131,1,755,1,947,1,1085,3,1649,1,1039,9,465,3,1045,7,1157,1,1369,14,1074,2,1278,2,1566,1,917,7,3315,19,
2021.02.27.00,557,0,440,3,752,7,700,1,732,15,1012,13,1165,6,1220,2,736,3,874,6,1203,6,1130,9,754,3,946,3,1082,1,1648,3,1030,11,462,2,1038,4,1156,2,1355,7,1072,1,1276,5,1565,6,910,3,3296,5,
2021.02.26.00,557,2,437,3,745,8,699,1,717,11,999,4,1159,4,1218,9,733,2,868,6,1197,3,1121,3,751,1,943,5,1081,7,1645,5,1019,5,460,6,1034,5,1154,9,1348,6,1071,3,1271,1,1559,5,907,4,3291,12,
2021.02.25.00,555,0,434,6,737,8,698,2,706,2,995,2,1155,4,1209,8,731,0,862,4,1194,4,1118,1,750,1,938,4,1074,5,1640,3,1014,14,454,2,1029,8,1145,5,1342,5,1068,6,1270,8,1554,6,903,2,3279,9,
2021.02.24.00,555,1,428,6,729,6,696,2,704,13,993,2,1151,5,1201,8,731,2,858,6,1190,8,1117,7,749,7,934,5,1069,8,1637,4,1000,6,452,3,1021,7,1140,5,1337,5,1062,3,1262,6,1548,2,901,2,3270,15,
2021.02.23.00,554,0,422,2,723,5,694,6,691,4,991,2,1146,4,1193,7,729,4,852,6,1182,9,1110,5,742,7,929,1,1061,8,1633,3,994,1,449,3,1014,0,1135,2,1332,5,1059,6,1256,6,1546,4,899,5,3255,12,
2021.02.22.00,554,2,420,1,718,4,688,7,687,7,989,1,1142,2,1186,10,725,2,846,2,1173,8,1105,1,735,3,928,1,1053,11,1630,6,993,2,446,1,1014,5,1133,5,1327,5,1053,5,1250,7,1542,5,894,5,3243,5,
2021.02.21.00,552,0,419,2,714,5,681,2,680,8,988,7,1140,5,1176,4,723,5,844,1,1165,7,1104,5,732,4,927,4,1042,6,1624,3,991,7,445,2,1009,5,1128,6,1322,7,1048,6,1243,2,1537,7,889,1,3238,13,
2021.02.20.00,552,0,417,2,709,10,679,4,672,8,981,3,1135,0,1172,4,718,3,843,7,1158,3,1099,5,728,2,923,0,1036,14,1621,3,984,5,443,2,1004,9,1122,7,1315,2,1042,3,1241,5,1530,13,888,4,3225,13,
2021.02.19.00,552,3,415,0,699,10,675,4,664,10,978,6,1135,3,1168,16,715,6,836,7,1155,5,1094,9,726,7,923,1,1022,4,1618,4,979,16,441,2,995,9,1115,5,1313,7,1039,2,1236,5,1517,15,884,6,3212,12,
2021.02.18.00,549,1,415,8,689,14,671,6,654,5,972,2,1132,6,1152,20,709,2,829,3,1150,9,1085,9,719,2,922,5,1018,6,1614,5,963,9,439,1,986,6,1110,8,1306,13,1037,9,1231,5,1502,12,878,8,3200,14,
2021.02.17.00,548,0,407,4,675,28,665,13,649,5,970,9,1126,7,1132,6,707,4,826,8,1141,11,1076,10,717,7,917,9,1012,7,1609,4,954,10,438,5,980,10,1102,15,1293,18,1028,8,1226,7,1490,21,870,9,3186,23,
2021.02.16.00,548,1,403,7,647,11,652,4,644,0,961,7,1119,2,1126,2,703,7,818,7,1130,13,1066,4,710,2,908,7,1005,5,1605,5,944,16,433,2,970,9,1087,7,1275,7,1020,4,1219,4,1469,6,861,4,3163,18,
2021.02.15.00,547,2,396,6,636,8,648,2,644,2,954,4,1117,1,1124,10,696,3,811,3,1117,2,1062,6,708,1,901,4,1000,5,1600,3,928,14,431,1,961,12,1080,5,1268,5,1016,3,1215,4,1463,9,857,13,3145,21,
2021.02.14.00,545,2,390,1,628,14,646,6,642,0,950,4,1116,10,1114,1,693,3,808,3,1115,6,1056,10,707,2,897,4,995,4,1597,2,914,18,430,2,949,9,1075,4,1263,2,1013,1,1211,3,1454,9,844,1,3124,30,
2021.02.13.00,543,3,389,2,614,7,640,3,642,7,946,4,1106,9,1113,10,690,1,805,2,1109,6,1046,4,705,3,893,1,991,4,1595,3,896,12,428,2,940,7,1071,5,1261,8,1012,4,1208,1,1445,9,843,7,3094,7,
2021.02.12.00,540,1,387,1,607,5,637,7,635,7,942,6,1097,5,1103,9,689,6,803,3,1103,10,1042,10,702,1,892,4,987,3,1592,1,884,27,426,3,933,5,1066,7,1253,6,1008,2,1207,1,1436,8,836,18,3087,7,
2021.02.11.00,539,1,386,7,602,9,630,8,628,5,936,12,1092,7,1094,7,683,9,800,6,1093,3,1032,7,701,3,888,2,984,3,1591,3,857,17,423,2,928,8,1059,9,1247,10,1006,3,1206,2,1428,11,818,13,3080,17,
2021.02.10.00,538,3,379,9,593,14,622,3,623,6,924,4,1085,11,1087,6,674,3,794,6,1090,4,1025,12,698,4,886,5,981,6,1588,6,840,6,421,3,920,9,1050,2,1237,5,1003,6,1204,6,1417,5,805,10,3063,21,
2021.02.09.00,535,5,370,0,579,5,619,2,617,2,920,5,1074,2,1081,3,671,7,788,6,1086,5,1013,2,694,3,881,2,975,3,1582,2,834,2,418,1,911,3,1048,6,1232,4,997,4,1198,3,1412,1,795,1,3042,12,
2021.02.08.00,530,4,370,1,574,7,617,3,615,3,915,3,1072,7,1078,4,664,4,782,6,1081,5,1011,4,691,2,879,7,972,3,1580,1,832,4,417,4,908,4,1042,4,1228,4,993,4,1195,4,1411,6,794,2,3030,11,
2021.02.07.00,526,2,369,1,567,8,614,4,612,5,912,3,1065,2,1074,10,660,2,776,12,1076,12,1007,10,689,7,872,2,969,4,1579,3,828,3,413,3,904,4,1038,6,1224,7,989,1,1191,2,1405,8,792,4,3019,18,
2021.02.06.00,524,1,368,2,559,8,610,5,607,3,909,2,1063,9,1064,13,658,6,764,4,1064,9,997,5,682,5,870,4,965,5,1576,7,825,3,410,1,900,3,1032,4,1217,6,988,4,1189,7,1397,7,788,4,3001,18,
2021.02.05.00,523,1,366,3,551,9,605,5,604,5,907,4,1054,17,1051,7,652,6,760,4,1055,8,992,4,677,6,866,1,960,1,1569,4,822,2,409,3,897,2,1028,4,1211,4,984,4,1182,1,1390,1,784,1,2983,18,
2021.02.04.00,522,2,363,4,542,6,600,3,599,6,903,6,1037,19,1044,9,646,9,756,6,1047,8,988,2,671,4,865,5,959,9,1565,4,820,7,406,3,895,4,1024,4,1207,4,980,6,1181,6,1389,12,783,6,2965,16,
2021.02.03.00,520,2,359,3,536,4,597,8,593,5,897,15,1018,9,1035,7,637,11,750,6,1039,5,986,8,667,4,860,4,950,1,1561,3,813,5,403,3,891,9,1020,8,1203,11,974,3,1175,8,1377,13,777,10,2949,25,
2021.02.02.00,518,3,356,0,532,6,589,3,588,6,882,14,1009,5,1028,7,626,7,744,3,1034,4,978,1,663,6,856,7,949,0,1558,4,808,4,400,2,882,4,1012,3,1192,5,971,2,1167,6,1364,4,767,6,2924,14,
2021.02.01.00,515,0,356,1,526,4,586,2,582,1,868,21,1004,3,1021,5,619,2,741,1,1030,8,977,0,657,0,849,3,949,2,1554,4,804,2,398,4,878,5,1009,2,1187,4,969,6,1161,7,1360,4,761,2,2910,16,
2021.01.31.00,515,1,355,1,522,5,584,2,581,0,847,5,1001,5,1016,6,617,1,740,7,1022,5,977,2,657,3,846,1,947,1,1550,3,802,5,394,0,873,4,1007,10,1183,4,963,3,1154,7,1356,5,759,7,2894,7,
2021.01.30.00,514,1,354,3,517,4,582,13,581,2,842,6,996,9,1010,15,616,2,733,4,1017,10,975,5,654,1,845,1,946,4,1547,4,797,4,394,1,869,2,997,2,1179,9,960,2,1147,9,1351,4,752,7,2887,28,
2021.01.29.00,513,1,351,6,513,3,569,1,579,2,836,4,987,3,995,2,614,1,729,3,1007,4,970,2,653,4,844,3,942,5,1543,3,793,4,393,4,867,6,995,4,1170,7,958,2,1138,10,1347,11,745,2,2859,16,
2021.01.28.00,512,2,345,3,510,3,568,2,577,6,832,4,984,3,993,2,613,1,726,7,1003,2,968,8,649,1,841,4,937,2,1540,4,789,6,389,3,861,4,991,0,1163,7,956,4,1128,0,1336,4,743,4,2843,18,
2021.01.27.00,510,2,342,5,507,5,566,7,571,3,828,9,981,5,991,6,612,7,719,4,1001,8,960,4,648,4,837,3,935,3,1536,5,783,11,386,1,857,2,991,2,1156,6,952,4,1128,5,1332,6,739,2,2825,11,
2021.01.26.00,508,6,337,4,502,2,559,0,568,1,819,9,976,2,985,6,605,4,715,8,993,11,956,3,644,0,834,2,932,2,1531,3,772,3,385,0,855,4,989,5,1150,5,948,5,1123,4,1326,2,737,5,2814,5,
2021.01.25.00,502,4,333,5,500,2,559,1,567,3,810,7,974,2,979,9,601,5,707,0,982,4,953,5,644,2,832,4,930,1,1528,8,769,2,385,0,851,4,984,4,1145,10,943,4,1119,2,1324,1,732,7,2809,5,
2021.01.24.00,498,5,328,4,498,3,558,0,564,1,803,11,972,7,970,2,596,2,707,11,978,10,948,3,642,5,828,6,929,2,1520,7,767,5,385,0,847,5,980,1,1135,4,939,5,1117,13,1323,5,725,1,2804,14,
2021.01.23.00,493,1,324,3,495,2,558,7,563,4,792,3,965,11,968,3,594,3,696,2,968,3,945,5,637,4,822,7,927,7,1513,11,762,1,385,1,842,4,979,7,1131,5,934,4,1104,8,1318,9,724,7,2790,6,
2021.01.22.00,492,2,321,3,493,0,551,3,559,1,789,0,954,8,965,3,591,2,694,3,965,8,940,4,633,2,815,4,920,7,1502,4,761,2,384,2,838,6,972,7,1126,2,930,8,1096,11,1309,7,717,4,2784,9,
2021.01.21.00,490,3,318,1,493,4,548,10,558,3,789,4,946,4,962,1,589,1,691,3,957,12,936,5,631,4,811,6,913,15,1498,4,759,6,382,1,832,3,965,4,1124,1,922,3,1085,8,1302,3,713,3,2775,11,
2021.01.20.00,487,3,317,1,489,3,538,5,555,3,785,4,942,13,961,7,588,2,688,11,945,6,931,2,627,3,805,6,898,11,1494,8,753,4,381,0,829,6,961,2,1123,6,919,6,1077,8,1299,4,710,4,2764,17,
2021.01.19.00,484,1,316,4,486,4,533,1,552,2,781,6,929,5,954,4,586,4,677,4,939,1,929,2,624,4,799,2,887,9,1486,4,749,9,381,1,823,1,959,4,1117,2,913,1,1069,7,1295,10,706,3,2747,7,
2021.01.18.00,483,3,312,2,482,4,532,12,550,3,775,11,924,2,950,5,582,6,673,4,938,5,927,3,620,7,797,6,878,6,1482,3,740,2,380,5,822,5,955,5,1115,2,912,7,1062,5,1285,6,703,4,2740,6,
2021.01.17.00,480,4,310,2,478,2,520,5,547,3,764,13,922,5,945,7,576,2,669,1,933,8,924,11,613,5,791,1,872,11,1479,9,738,10,375,5,817,2,950,5,1113,7,905,4,1057,7,1279,5,699,1,2734,10,
2021.01.16.00,476,1,308,1,476,7,515,8,544,4,751,7,917,7,938,12,574,4,668,4,925,6,913,7,608,1,790,4,861,4,1470,5,728,3,370,2,815,3,945,9,1106,4,901,5,1050,7,1274,11,698,7,2724,21,
2021.01.15.00,475,2,307,1,469,5,507,2,540,6,744,9,910,7,926,1,570,3,664,6,919,4,906,6,607,3,786,8,857,2,1465,2,725,8,368,4,812,5,936,6,1102,4,896,1,1043,3,1263,5,691,10,2703,7,
2021.01.14.00,473,4,306,6,464,7,505,0,534,3,735,9,903,5,925,7,567,8,658,3,915,2,900,4,604,4,778,12,855,2,1463,7,717,3,364,2,807,6,930,4,1098,4,895,5,1040,6,1258,6,681,3,2696,16,
2021.01.13.00,469,1,300,4,457,1,505,4,531,3,726,6,898,6,918,8,559,4,655,9,913,10,896,5,600,1,766,5,853,7,1456,14,714,1,362,2,801,4,926,7,1094,6,890,1,1034,9,1252,12,678,4,2680,14,
2021.01.12.00,468,6,296,3,456,3,501,7,528,2,720,13,892,11,910,2,555,6,646,8,903,11,891,12,599,2,761,9,846,6,1442,3,713,8,360,0,797,1,919,7,1088,6,889,4,1025,9,1240,4,674,11,2666,13,
2021.01.11.00,462,4,293,0,453,2,494,4,526,5,707,13,881,6,908,2,549,2,638,6,892,8,879,8,597,6,752,3,840,6,1439,3,705,3,360,2,796,4,912,10,1082,2,885,2,1016,7,1236,10,663,7,2653,15,
2021.01.10.00,458,9,293,0,451,1,490,3,521,7,694,5,875,7,906,7,547,6,632,5,884,5,871,9,591,12,749,3,834,12,1436,3,702,8,358,1,792,9,902,7,1080,8,883,4,1009,9,1226,10,656,10,2638,26,
2021.01.09.00,449,4,293,0,450,2,487,1,514,6,689,7,868,4,899,6,541,8,627,6,879,2,862,12,579,7,746,9,822,12,1433,7,694,4,357,1,783,15,895,9,1072,9,879,7,1000,10,1216,15,646,4,2612,20,
2021.01.08.00,445,2,293,3,448,8,486,4,508,2,682,4,864,9,893,16,533,3,621,8,877,5,850,7,572,11,737,7,810,9,1426,9,690,9,356,4,768,10,886,4,1063,5,872,4,990,8,1201,16,642,9,2592,15,
2021.01.07.00,443,5,290,3,440,2,482,4,506,16,678,5,855,10,877,17,530,15,613,6,872,8,843,16,561,14,730,6,801,12,1417,14,681,8,352,6,758,8,882,4,1058,5,868,7,982,13,1185,7,633,10,2577,77,
2021.01.06.00,438,12,287,1,438,5,478,5,490,5,673,10,845,7,860,14,515,8,607,12,864,13,827,12,547,11,724,5,789,14,1403,21,673,19,346,3,750,8,878,9,1053,7,861,12,969,7,1178,21,623,1,2500,18,
2021.01.05.00,426,4,286,1,433,4,473,4,485,6,663,13,838,11,846,7,507,16,595,4,851,6,815,7,536,6,719,5,775,9,1382,4,654,9,343,7,742,11,869,8,1046,6,849,2,962,10,1157,11,622,11,2482,12,
2021.01.04.00,422,4,285,2,429,1,469,9,479,9,650,6,827,14,839,8,491,14,591,10,845,11,808,3,530,3,714,7,766,10,1378,15,645,9,336,5,731,14,861,10,1040,6,847,4,952,11,1146,8,611,8,2470,130,
2021.01.03.00,418,4,283,0,428,3,460,0,470,5,644,5,813,3,831,8,477,19,581,5,834,10,805,5,527,4,707,6,756,23,1363,9,636,8,331,4,717,8,851,6,1034,4,843,9,941,3,1138,12,603,12,2340,16,
2021.01.02.00,414,10,283,1,425,7,460,10,465,2,639,6,810,8,823,10,458,14,576,6,824,11,800,13,523,10,701,6,733,7,1354,13,628,3,327,1,709,15,845,36,1030,6,834,8,938,3,1126,8,591,10,2324,24,
2021.01.01.00,404,11,282,1,418,2,450,7,463,7,633,8,802,20,813,8,444,13,570,12,813,8,787,11,513,8,695,8,726,12,1341,7,625,7,326,6,694,15,809,17,1024,12,826,5,935,6,1118,14,581,5,2300,133,
2020.12.31.00,393,13,281,3,416,1,443,7,456,17,625,11,782,20,805,14,431,7,558,7,805,15,776,9,505,11,687,11,714,24,1334,12,618,15,320,11,679,10,792,15,1012,27,821,9,929,9,1104,17,576,7,2167,57,
2020.12.30.00,380,4,278,6,415,9,436,8,439,13,614,12,762,28,791,21,424,13,551,8,790,17,767,17,494,7,676,5,690,18,1322,16,603,13,309,14,669,9,777,18,985,25,812,17,920,15,1087,20,569,6,2110,49,
2020.12.29.00,376,10,272,5,406,2,428,2,426,4,602,6,734,36,770,14,411,10,543,7,773,15,750,10,487,5,671,9,672,14,1306,11,590,9,295,4,660,7,759,12,960,26,795,13,905,10,1067,17,563,3,2061,262,
2020.12.28.00,366,7,267,6,404,6,426,13,422,8,596,9,698,25,756,10,401,10,536,7,758,17,740,17,482,4,662,10,658,17,1295,8,581,8,291,10,653,5,747,10,934,7,782,11,895,20,1050,17,560,14,1799,25,
2020.12.27.00,359,12,261,7,398,5,413,9,414,5,587,12,673,16,746,12,391,6,529,12,741,8,723,9,478,2,652,15,641,18,1287,22,573,20,281,10,648,5,737,6,927,22,771,11,875,16,1033,23,546,5,1774,55,
2020.12.26.00,347,7,254,3,393,8,404,4,409,5,575,16,657,22,734,11,385,8,517,22,733,16,714,31,476,6,637,11,623,33,1265,34,553,40,271,12,643,19,731,12,905,16,760,11,859,10,1010,25,541,13,1719,35,
2020.12.25.00,340,9,251,5,385,14,400,3,404,13,559,8,635,8,723,14,377,7,495,5,717,8,683,18,470,7,626,21,590,15,1231,20,513,4,259,4,624,7,719,19,889,16,749,7,849,9,985,14,528,8,1684,305,
2020.12.24.00,331,9,246,4,371,9,397,6,391,13,551,12,627,14,709,10,370,9,490,11,709,11,665,14,463,9,605,24,575,12,1211,34,509,16,255,6,617,13,700,14,873,17,742,7,840,7,971,26,520,5,1379,36,
2020.12.23.00,322,14,242,5,362,6,391,9,378,18,539,10,613,14,699,15,361,8,479,3,698,18,651,24,454,9,581,29,563,23,1177,22,493,6,249,9,604,18,686,11,856,18,735,8,833,13,945,22,515,7,1343,37,
2020.12.22.00,308,15,237,11,356,9,382,6,360,9,529,10,599,19,684,17,353,7,476,11,680,32,627,9,445,13,552,13,540,9,1155,18,487,17,240,6,586,13,675,8,838,15,727,10,820,12,923,7,508,4,1306,31,
2020.12.21.00,293,29,226,8,347,8,376,9,351,5,519,12,580,18,667,12,346,8,465,7,648,8,618,12,432,13,539,12,531,12,1137,16,470,18,234,13,573,15,667,14,823,17,717,21,808,15,916,13,504,5,1275,13,
2020.12.20.00,264,20,218,5,339,3,367,7,346,4,507,10,562,11,655,8,338,11,458,7,640,9,606,17,419,10,527,16,519,8,1121,30,452,17,221,2,558,13,653,7,806,12,696,6,793,18,903,4,499,7,1262,33,
2020.12.19.00,244,33,213,8,336,7,360,6,342,14,497,20,551,21,647,14,327,4,451,7,631,11,589,18,409,6,511,10,511,8,1091,29,435,13,219,7,545,23,646,12,794,13,690,12,775,12,899,21,492,12,1229,37,
2020.12.18.00,211,16,205,7,329,1,354,6,328,13,477,32,530,18,633,20,323,16,444,2,620,16,571,15,403,15,501,14,503,11,1062,28,422,22,212,5,522,29,634,4,781,16,678,15,763,14,878,29,480,17,1192,207,
2020.12.17.00,195,9,198,9,328,10,348,21,315,7,445,14,512,14,613,9,307,17,442,7,604,8,556,5,388,11,487,31,492,18,1034,24,400,15,207,9,493,36,630,23,765,16,663,14,749,16,849,24,463,20,985,40,
2020.12.16.00,186,10,189,11,318,4,327,15,308,12,431,15,498,12,604,16,290,14,435,13,596,12,551,20,377,10,456,19,474,15,1010,23,385,11,198,11,457,26,607,13,749,9,649,11,733,14,825,21,443,18,945,27,
2020.12.15.00,176,2,178,7,314,2,312,5,296,8,416,7,486,4,588,8,276,12,422,7,584,7,531,14,367,10,437,8,459,6,987,31,374,9,187,4,431,7,594,18,740,16,638,5,719,18,804,13,425,9,918,12,
2020.12.14.00,174,3,171,4,312,4,307,8,288,12,409,6,482,8,580,11,264,7,415,8,577,9,517,7,357,3,429,9,453,8,956,33,365,2,183,8,424,0,576,4,724,13,633,5,701,12,791,8,416,21,906,6,
2020.12.13.00,171,7,167,2,308,10,299,14,276,9,403,14,474,21,569,17,257,4,407,13,568,3,510,14,354,14,420,16,445,17,923,44,363,8,175,10,424,12,572,19,711,21,628,13,689,14,783,28,395,18,900,30,
2020.12.12.00,164,4,165,6,298,2,285,12,267,8,389,6,453,13,552,16,253,10,394,11,565,6,496,13,340,8,404,13,428,14,879,81,355,8,165,8,412,14,553,22,690,12,615,15,675,24,755,11,377,12,870,15,
2020.12.11.00,160,2,159,4,296,8,273,9,259,6,383,9,440,16,536,7,243,3,383,4,559,5,483,11,332,7,391,8,414,16,798,29,347,9,157,3,398,12,531,19,678,15,600,11,651,15,744,8,365,12,855,12,
2020.12.10.00,158,3,155,5,288,6,264,6,253,8,374,11,424,10,529,6,240,8,379,5,554,12,472,12,325,9,383,12,398,6,769,12,338,6,154,5,386,18,512,11,663,13,589,9,636,21,736,12,353,9,843,17,
2020.12.09.00,155,3,150,7,282,5,258,1,245,6,363,12,414,19,523,5,232,5,374,8,542,7,460,15,316,10,371,9,392,14,757,24,332,12,149,1,368,6,501,13,650,19,580,9,615,16,724,10,344,12,826,11,
2020.12.08.00,152,4,143,6,277,7,257,6,239,7,351,3,395,21,518,5,227,4,366,3,535,8,445,11,306,4,362,11,378,10,733,21,320,11,148,3,362,4,488,12,631,18,571,11,599,10,714,2,332,11,815,17,
2020.12.07.00,148,4,137,5,270,8,251,0,232,12,348,7,374,14,513,4,223,8,363,6,527,9,434,13,302,8,351,8,368,9,712,11,309,6,145,4,358,5,476,17,613,14,560,14,589,13,712,16,321,5,798,18,
2020.12.06.00,144,4,132,4,262,7,251,7,220,10,341,8,360,9,509,9,215,3,357,14,518,7,421,5,294,3,343,3,359,11,701,16,303,6,141,3,353,16,459,32,599,8,546,11,576,11,696,12,316,10,780,14,
2020.12.05.00,140,5,128,9,255,8,244,7,210,5,333,4,351,8,500,11,212,3,343,3,511,7,416,22,291,3,340,15,348,9,685,23,297,4,138,5,337,6,427,8,591,9,535,14,565,12,684,11,306,8,766,16,
2020.12.04.00,135,4,119,8,247,4,237,7,205,6,329,8,343,20,489,8,209,5,340,8,504,7,394,14,288,10,325,23,339,8,662,25,293,11,133,8,331,11,419,3,582,16,521,17,553,11,673,26,298,3,750,25,
2020.12.03.00,131,3,111,0,243,8,230,8,199,8,321,9,323,21,481,13,204,2,332,3,497,8,380,10,278,9,302,5,331,9,637,18,282,2,125,0,320,9,416,14,566,10,504,13,542,13,647,23,295,8,725,35,
2020.12.02.00,128,2,111,3,235,8,222,2,191,7,312,9,302,8,468,3,202,2,329,10,489,11,370,8,269,9,297,6,322,9,619,7,280,3,125,0,311,8,402,12,556,7,491,18,529,16,624,14,287,9,690,9,
2020.12.01.00,126,0,108,1,227,3,220,2,184,5,303,1,294,3,465,7,200,4,319,7,478,7,362,3,260,3,291,6,313,10,612,15,277,5,125,2,303,14,390,4,549,7,473,11,513,12,610,7,278,5,681,10,
2020.11.30.00,126,1,107,2,224,4,218,1,179,2,302,3,291,5,458,4,196,8,312,4,471,13,359,8,257,7,285,5,303,11,597,15,272,3,123,6,289,5,386,3,542,7,462,11,501,12,603,5,273,2,671,11,
2020.11.29.00,125,1,105,3,220,2,217,2,177,5,299,5,286,8,454,7,188,2,308,5,458,13,351,4,250,8,280,7,292,10,582,14,269,7,117,2,284,4,383,9,535,3,451,8,489,6,598,6,271,5,660,10,
2020.11.28.00,124,4,102,0,218,7,215,1,172,1,294,5,278,11,447,3,186,1,303,3,445,6,347,5,242,12,273,7,282,17,568,26,262,5,115,3,280,5,374,4,532,10,443,13,483,8,592,10,266,3,650,7,
2020.11.27.00,120,2,102,2,211,6,214,6,171,1,289,5,267,11,444,4,185,1,300,3,439,11,342,2,230,1,266,1,265,14,542,56,257,7,112,4,275,5,370,9,522,8,430,12,475,5,582,10,263,2,643,15,
2020.11.26.00,118,1,100,0,205,4,208,7,170,2,284,4,256,7,440,7,184,5,297,5,428,16,340,4,229,2,265,5,251,12,486,59,250,5,108,1,270,3,361,5,514,1,418,8,470,9,572,16,261,5,628,19,
2020.11.25.00,117,1,100,7,201,7,201,2,168,4,280,1,249,5,433,6,179,4,292,2,412,5,336,4,227,7,260,10,239,6,427,9,245,0,107,1,267,3,356,7,513,4,410,20,461,14,556,6,256,4,609,3,
2020.11.24.00,116,1,93,3,194,10,199,4,164,3,279,4,244,6,427,2,175,0,290,5,407,7,332,1,220,2,250,7,233,2,418,7,245,4,106,1,264,4,349,4,509,3,390,26,447,16,550,5,252,5,606,2,
2020.11.23.00,115,3,90,0,184,2,195,1,161,2,275,0,238,5,425,3,175,1,285,1,400,2,331,9,218,6,243,14,231,3,411,4,241,4,105,0,260,3,345,8,506,2,364,15,431,4,545,9,247,4,604,7,
2020.11.22.00,112,3,90,0,182,1,194,4,159,0,275,8,233,3,422,5,174,2,284,0,398,4,322,7,212,8,229,6,228,6,407,2,237,1,105,0,257,2,337,9,504,3,349,13,427,9,536,15,243,6,597,4,
2020.11.21.00,109,2,90,1,181,4,190,3,159,3,267,7,230,1,417,4,172,1,284,4,394,4,315,4,204,12,223,6,222,6,405,5,236,5,105,1,255,9,328,19,501,4,336,16,418,12,521,9,237,4,593,10,
2020.11.20.00,107,3,89,5,177,6,187,2,156,2,260,12,229,3,413,8,171,3,280,8,390,7,311,3,192,4,217,3,216,3,400,7,231,2,104,0,246,5,309,6,497,1,320,18,406,4,512,11,233,2,583,4,
2020.11.19.00,104,1,84,1,171,1,185,5,154,1,248,2,226,0,405,7,168,1,272,11,383,9,308,4,188,5,214,4,213,1,393,3,229,1,104,1,241,7,303,7,496,1,302,9,402,6,501,8,231,6,579,7,
2020.11.18.00,103,1,83,2,170,1,180,6,153,2,246,4,226,2,398,7,167,1,261,6,374,3,304,3,183,0,210,2,212,2,390,12,228,3,103,0,234,3,296,7,495,0,293,8,396,4,493,6,225,1,572,6,
2020.11.17.00,102,2,81,1,169,0,174,3,151,1,242,4,224,1,391,5,166,1,255,7,371,4,301,2,183,5,208,6,210,4,378,4,225,6,103,1,231,2,289,2,495,1,285,10,392,0,487,10,224,3,566,13,
2020.11.16.00,100,0,80,0,169,0,171,3,150,0,238,1,223,3,386,6,165,2,248,4,367,4,299,3,178,1,202,1,206,3,374,9,219,3,102,0,229,2,287,3,494,1,275,3,392,2,477,12,221,0,553,5,
2020.11.15.00,100,2,80,3,169,1,168,1,150,0,237,2,220,3,380,6,163,0,244,1,363,11,296,2,177,6,201,2,203,1,365,9,216,4,102,0,227,0,284,2,493,0,272,4,390,2,465,12,221,5,548,6,
2020.11.14.00,98,0,77,4,168,3,167,0,150,1,235,17,217,1,374,4,163,2,243,0,352,5,294,3,171,2,199,1,202,0,356,9,212,1,102,0,227,1,282,4,493,2,268,2,388,2,453,2,216,0,542,3,
2020.11.13.00,98,0,73,1,165,1,167,2,149,1,218,11,216,4,370,2,161,0,243,3,347,6,291,4,169,1,198,3,202,1,347,7,211,1,102,2,226,1,278,1,491,2,266,4,386,3,451,4,216,1,539,8,
2020.11.12.00,98,0,72,4,164,4,165,2,148,0,207,7,212,0,368,3,161,0,240,4,341,3,287,0,168,2,195,2,201,0,340,2,210,0,100,1,225,1,277,0,489,1,262,1,383,5,447,4,215,1,531,6,
2020.11.11.00,98,0,68,1,160,2,163,0,148,1,200,1,212,1,365,1,161,0,236,0,338,1,287,1,166,1,193,2,201,1,338,5,210,0,99,0,224,0,277,0,488,0,261,4,378,1,443,4,214,1,525,16,
2020.11.10.00,98,0,67,0,158,0,163,0,147,1,199,2,211,1,364,0,161,0,236,3,337,0,286,2,165,0,191,0,200,0,333,7,210,0,99,0,224,0,277,1,488,2,257,6,377,2,439,2,213,2,509,5,
2020.11.09.00,98,0,67,0,158,7,163,5,146,0,197,2,210,0,364,0,161,0,233,1,337,0,284,2,165,3,191,1,200,2,326,4,210,0,99,0,224,1,276,3,486,0,251,5,375,1,437,4,211,1,504,3,
2020.11.08.00,98,0,67,0,151,1,158,8,146,0,195,5,210,0,364,3,161,2,232,0,337,0,282,1,162,9,190,0,198,0,322,4,210,0,99,1,223,6,273,2,486,0,246,1,374,3,433,2,210,3,501,4,
2020.11.07.00,98,0,67,2,150,0,150,6,146,2,190,2,210,0,361,3,159,0,232,1,337,0,281,2,153,3,190,1,198,0,318,3,210,0,98,0,217,0,271,1,486,3,245,3,371,3,431,0,207,0,497,2,
2020.11.06.00,98,0,65,0,150,1,144,0,144,0,188,4,210,0,358,3,159,0,231,1,337,1,279,4,150,1,189,0,198,3,315,1,210,0,98,0,217,3,270,0,483,5,242,0,368,3,431,8,207,0,495,2,
2020.11.05.00,98,0,65,0,149,1,144,1,144,3,184,2,210,1,355,1,159,0,230,0,336,0,275,3,149,5,189,0,195,1,314,2,210,0,98,0,214,2,270,3,478,1,242,4,365,2,423,9,207,1,493,7,
2020.11.04.00,98,1,65,0,148,1,143,4,141,0,182,4,209,0,354,1,159,0,230,0,336,1,272,2,144,7,189,0,194,0,312,2,210,1,98,0,212,2,267,1,477,1,238,1,363,2,414,6,206,1,486,5,
2020.11.03.00,97,2,65,0,147,1,139,1,141,0,178,0,209,0,353,0,159,0,230,0,335,0,270,0,137,0,189,0,194,1,310,0,209,4,98,0,210,2,266,2,476,1,237,1,361,2,408,3,205,0,481,2,
2020.11.02.00,95,0,65,0,146,2,138,0,141,0,178,2,209,0,353,2,159,0,230,2,335,1,270,0,137,0,189,1,193,0,310,3,205,0,98,0,208,0,264,0,475,0,236,2,359,2,405,5,205,1,479,2,
2020.11.01.00,95,0,65,0,144,1,138,1,141,1,176,0,209,0,351,0,159,0,228,0,334,1,270,3,137,0,188,1,193,0,307,1,205,2,98,0,208,1,264,2,475,2,234,5,357,14,400,9,204,0,477,1,
2020.10.31.00,95,0,65,1,143,0,137,2,140,1,176,3,209,1,351,3,159,0,228,0,333,1,267,2,137,0,187,1,193,3,306,2,203,2,98,0,207,2,262,0,473,4,229,2,343,8,391,1,204,1,476,6,
2020.10.30.00,95,0,64,0,143,0,135,2,139,2,173,0,208,0,348,0,159,3,228,3,332,1,265,0,137,0,186,3,190,2,304,3,201,0,98,0,205,0,262,2,469,3,227,4,335,11,390,8,203,1,470,2,
2020.10.29.00,95,0,64,1,143,1,133,0,137,0,173,0,208,1,348,0,156,0,225,1,331,4,265,1,137,0,183,0,188,1,301,1,201,0,98,1,205,0,260,0,466,3,223,3,324,7,382,5,202,0,468,3,
2020.10.28.00,95,1,63,0,142,0,133,2,137,1,173,0,207,1,348,1,156,0,224,1,327,0,264,1,137,0,183,0,187,0,300,0,201,0,97,0,205,0,260,0,463,4,220,2,317,8,377,4,202,1,465,4,
2020.10.27.00,94,0,63,0,142,0,131,1,136,0,173,1,206,2,347,0,156,0,223,0,327,1,263,1,137,0,183,0,187,0,300,0,201,0,97,1,205,0,260,0,459,3,218,1,309,4,373,4,201,1,461,0,
2020.10.26.00,94,0,63,0,142,0,130,0,136,0,172,0,204,1,347,0,156,0,223,0,326,1,262,1,137,0,183,0,187,0,300,1,201,1,96,0,205,1,260,1,456,0,217,2,305,1,369,3,200,0,461,1,
2020.10.25.00,94,0,63,0,142,0,130,0,136,0,172,2,203,0,347,1,156,0,223,0,325,2,261,0,137,1,183,2,187,2,299,2,200,1,96,0,204,1,259,1,456,2,215,2,304,2,366,2,200,0,460,4,
2020.10.24.00,94,0,63,0,142,2,130,0,136,0,170,0,203,1,346,1,156,0,223,0,323,0,261,0,136,0,181,1,185,0,297,1,199,3,96,0,203,4,258,2,454,0,213,1,302,3,364,1,200,0,456,1,
2020.10.23.00,94,0,63,0,140,0,130,1,136,0,170,0,202,1,345,0,156,0,223,0,323,0,261,0,136,1,180,0,185,0,296,0,196,2,96,0,199,2,256,2,454,2,212,3,299,2,363,3,200,1,455,1,
2020.10.22.00,94,0,63,0,140,0,129,0,136,0,170,0,201,0,345,0,156,0,223,1,323,0,261,1,135,0,180,0,185,1,296,0,194,1,96,0,197,0,254,0,452,7,209,0,297,4,360,0,199,1,454,1,
2020.10.21.00,94,0,63,0,140,0,129,1,136,0,170,0,201,0,345,0,156,0,222,1,323,0,260,0,135,0,180,0,184,0,296,1,193,0,96,0,197,0,254,0,445,3,209,1,293,3,360,2,198,1,453,2,
2020.10.20.00,94,0,63,0,140,1,128,0,136,0,170,0,201,2,345,1,156,0,221,0,323,0,260,0,135,0,180,0,184,1,295,0,193,0,96,0,197,0,254,1,442,0,208,1,290,2,358,0,197,0,451,3,
2020.10.19.00,94,0,63,0,139,3,128,0,136,1,170,0,199,0,344,1,156,0,221,0,323,0,260,1,135,0,180,1,183,0,295,0,193,0,96,0,197,0,253,1,442,1,207,1,288,2,358,0,197,0,448,4,
2020.10.18.00,94,0,63,0,136,0,128,0,135,0,170,0,199,0,343,0,156,0,221,0,323,1,259,0,135,2,179,1,183,2,295,0,193,0,96,1,197,0,252,0,441,6,206,0,286,2,358,3,197,1,444,0,
2020.10.17.00,94,2,63,0,136,0,128,0,135,0,170,0,199,1,343,3,156,1,221,0,322,0,259,1,133,0,178,1,181,0,295,1,193,1,95,0,197,0,252,0,435,2,206,0,284,0,355,2,196,2,444,1,
2020.10.16.00,92,0,63,0,136,1,128,0,135,0,170,1,198,1,340,2,155,0,221,1,322,1,258,1,133,0,177,0,181,0,294,0,192,1,95,0,197,0,252,1,433,2,206,2,284,0,353,3,194,2,443,0,
2020.10.15.00,92,0,63,3,135,1,128,1,135,0,169,0,197,0,338,0,155,0,220,0,321,0,257,3,133,1,177,0,181,0,294,0,191,0,95,0,197,0,251,1,431,6,204,1,284,1,350,0,192,1,443,2,
2020.10.14.00,92,1,60,1,134,0,127,0,135,0,169,3,197,3,338,1,155,0,220,0,321,0,254,1,132,1,177,2,181,1,294,0,191,0,95,0,197,0,250,2,425,4,203,0,283,3,350,1,191,0,441,2,
2020.10.13.00,91,1,59,0,134,1,127,0,135,0,166,0,194,0,337,1,155,0,220,1,321,1,253,0,131,0,175,1,180,0,294,2,191,0,95,0,197,0,248,1,421,3,203,0,280,1,349,0,191,0,439,7,
2020.10.12.00,90,0,59,0,133,4,127,0,135,0,166,2,194,1,336,0,155,0,219,1,320,4,253,0,131,0,174,2,180,0,292,1,191,2,95,0,197,1,247,1,418,5,203,1,279,1,349,2,191,2,432,1,
2020.10.11.00,90,1,59,1,129,1,127,0,135,0,164,0,193,0,336,0,155,3,218,1,316,2,253,0,131,0,172,3,180,0,291,3,189,0,95,0,196,1,246,0,413,0,202,0,278,0,347,3,189,1,431,4,
2020.10.10.00,89,0,58,0,128,1,127,0,135,1,164,0,193,1,336,1,152,1,217,5,314,1,253,0,131,0,169,1,180,0,288,0,189,0,95,0,195,2,246,1,413,0,202,0,278,0,344,3,188,0,427,7,
2020.10.09.00,89,0,58,0,127,0,127,3,134,1,164,1,192,0,335,0,151,0,212,0,313,1,253,0,131,0,168,0,180,0,288,0,189,0,95,0,193,1,245,1,413,4,202,2,278,3,341,0,188,0,420,4,
2020.10.08.00,89,0,58,0,127,1,124,1,133,0,163,0,192,0,335,0,151,0,212,0,312,2,253,1,131,0,168,0,180,0,288,0,189,0,95,0,192,0,244,0,409,2,200,1,275,0,341,1,188,1,416,0,
2020.10.07.00,89,0,58,0,126,1,123,1,133,1,163,6,192,1,335,0,151,2,212,4,310,3,252,0,131,4,168,1,180,0,288,0,189,0,95,0,192,1,244,0,407,5,199,2,275,2,340,1,187,0,416,5,
2020.10.06.00,89,0,58,0,125,1,122,0,132,1,157,1,191,1,335,0,149,1,208,0,307,2,252,0,127,0,167,0,180,0,288,1,189,2,95,1,191,1,244,1,402,2,197,1,273,0,339,0,187,0,411,3,
2020.10.05.00,89,0,58,0,124,0,122,0,131,1,156,2,190,0,335,0,148,3,208,1,305,1,252,0,127,0,167,0,180,0,287,0,187,1,94,0,190,0,243,2,400,4,196,0,273,1,339,0,187,2,408,1,
2020.10.04.00,89,0,58,0,124,1,122,0,130,0,154,0,190,1,335,0,145,0,207,0,304,0,252,0,127,0,167,0,180,0,287,0,186,1,94,0,190,0,241,0,396,3,196,0,272,1,339,0,185,0,407,1,
2020.10.03.00,89,0,58,0,123,0,122,0,130,0,154,1,189,1,335,0,145,1,207,1,304,3,252,1,127,0,167,1,180,0,287,0,185,1,94,0,190,0,241,2,393,1,196,1,271,0,339,0,185,0,406,10,
2020.10.02.00,89,1,58,0,123,0,122,2,130,0,153,1,188,0,335,1,144,0,206,0,301,0,251,0,127,0,166,4,180,0,287,2,184,1,94,1,190,0,239,3,392,3,195,0,271,1,339,0,185,0,396,1,
2020.10.01.00,88,0,58,0,123,1,120,4,130,1,152,3,188,1,334,0,144,0,206,0,301,0,251,0,127,1,162,1,180,0,285,0,183,2,93,2,190,1,236,2,389,6,195,0,270,1,339,2,185,1,395,1,
2020.09.30.00,88,0,58,0,122,0,116,0,129,0,149,0,187,0,334,0,144,0,206,0,301,0,251,0,126,0,161,0,180,0,285,0,181,0,91,0,189,0,234,1,383,3,195,2,269,0,337,0,184,0,394,30,
2020.09.29.00,88,0,58,0,122,2,116,0,129,1,149,5,187,0,334,4,144,1,206,6,301,0,251,1,126,0,161,1,180,0,285,0,181,0,91,0,189,1,233,2,380,2,193,0,269,0,337,0,184,0,364,0,
2020.09.28.00,88,0,58,0,120,0,116,0,128,0,144,0,187,0,330,0,143,0,200,0,301,0,250,1,126,0,160,0,180,0,285,0,181,0,91,0,188,0,231,0,378,1,193,0,269,2,337,1,184,1,364,0,
2020.09.27.00,88,0,58,2,120,4,116,0,128,1,144,1,187,1,330,2,143,0,200,8,301,1,249,1,126,1,160,0,180,0,285,2,181,2,91,0,188,3,231,4,377,6,193,0,267,0,336,2,183,2,364,5,
2020.09.26.00,88,0,56,1,116,0,116,0,127,0,143,0,186,0,328,0,143,0,192,0,300,0,248,0,125,0,160,0,180,0,283,1,179,0,91,0,185,1,227,0,371,3,193,2,267,3,334,0,181,0,359,1,
2020.09.25.00,88,2,55,0,116,1,116,0,127,1,143,2,186,1,328,4,143,0,192,16,300,1,248,3,125,0,160,0,180,1,282,1,179,6,91,1,184,4,227,4,368,7,191,5,264,1,334,2,181,1,358,3,
2020.09.24.00,86,0,55,0,115,2,116,2,126,0,141,0,185,0,324,0,143,1,176,0,299,0,245,1,125,0,160,0,179,0,281,6,173,0,90,0,180,1,223,0,361,3,186,1,263,2,332,2,180,0,355,3,
2020.09.23.00,86,2,55,0,113,0,114,0,126,0,141,0,185,1,324,3,142,0,176,8,299,1,244,0,125,0,160,0,179,0,275,6,173,3,90,1,179,2,223,3,358,4,185,0,261,1,330,2,180,1,352,3,
2020.09.22.00,84,0,55,0,113,0,114,1,126,2,141,0,184,1,321,0,142,1,168,1,298,1,244,3,125,0,160,5,179,3,269,5,170,1,89,2,177,2,220,4,354,5,185,1,260,0,328,1,179,0,349,0,
2020.09.21.00,84,0,55,0,113,0,113,2,124,0,141,0,183,1,321,0,141,0,167,0,297,2,241,0,125,2,155,1,176,0,264,0,169,2,87,1,175,1,216,3,349,2,184,1,260,2,327,0,179,0,349,3,
2020.09.20.00,84,0,55,1,113,0,111,0,124,1,141,0,182,1,321,0,141,0,167,0,295,0,241,0,123,0,154,0,176,2,264,0,167,0,86,1,174,0,213,1,347,2,183,1,258,4,327,3,179,0,346,3,
2020.09.19.00,84,0,54,0,113,0,111,2,123,0,141,0,181,1,321,2,141,0,167,0,295,1,241,2,123,0,154,0,174,2,264,2,167,2,85,1,174,1,212,0,345,4,182,3,254,5,324,2,179,0,343,2,
2020.09.18.00,84,0,54,0,113,0,109,0,123,0,141,0,180,1,319,1,141,0,167,2,294,4,239,1,123,2,154,3,172,3,262,3,165,0,84,0,173,1,212,1,341,4,179,2,249,3,322,5,179,0,341,3,
2020.09.17.00,84,0,54,0,113,0,109,1,123,3,141,4,179,3,318,1,141,4,165,2,290,2,238,4,121,3,151,1,169,4,259,4,165,4,84,0,172,5,211,6,337,6,177,2,246,8,317,5,179,2,338,6,
2020.09.16.00,84,1,54,0,113,2,108,0,120,0,137,2,176,1,317,2,137,0,163,0,288,6,234,1,118,3,150,1,165,3,255,3,161,1,84,0,167,2,205,4,331,2,175,3,238,1,312,6,177,0,332,6,
2020.09.15.00,83,1,54,0,111,0,108,1,120,0,135,1,175,0,315,1,137,3,163,1,282,3,233,1,115,1,149,1,162,0,252,1,160,1,84,0,165,1,201,1,329,2,172,2,237,7,306,3,177,1,326,3,
2020.09.14.00,82,0,54,0,111,0,107,0,120,0,134,0,175,1,314,2,134,1,162,2,279,4,232,2,114,0,148,2,162,0,251,2,159,1,84,1,164,2,200,0,327,4,170,2,230,4,303,6,176,1,323,4,
2020.09.13.00,82,1,54,0,111,0,107,1,120,0,134,0,174,1,312,3,133,2,160,3,275,0,230,1,114,1,146,0,162,0,249,0,158,0,83,1,162,3,200,1,323,3,168,0,226,3,297,4,175,1,319,5,
2020.09.12.00,81,2,54,0,111,1,106,0,120,0,134,0,173,0,309,0,131,0,157,1,275,3,229,3,113,0,146,0,162,1,249,1,158,1,82,0,159,0,199,0,320,11,168,2,223,5,293,5,174,1,314,1,
2020.09.11.00,79,3,54,1,110,1,106,2,120,2,134,3,173,1,309,1,131,3,156,1,272,2,226,4,113,4,146,0,161,1,248,6,157,1,82,1,159,2,199,2,309,6,166,3,218,1,288,4,173,1,313,8,
2020.09.10.00,76,7,53,0,109,1,104,0,118,0,131,0,172,0,308,0,128,1,155,3,270,3,222,4,109,1,146,0,160,0,242,1,156,0,81,1,157,0,197,3,303,3,163,1,217,1,284,2,172,2,305,2,
2020.09.09.00,69,0,53,0,108,0,104,1,118,4,131,3,172,0,308,2,127,1,152,1,267,1,218,5,108,2,146,1,160,1,241,2,156,1,80,1,157,0,194,3,300,7,162,1,216,2,282,2,170,2,303,4,
2020.09.08.00,69,2,53,0,108,1,103,2,114,2,128,1,172,4,306,5,126,2,151,4,266,3,213,4,106,3,145,3,159,1,239,5,155,3,79,1,157,7,191,4,293,5,161,4,214,2,280,6,168,1,299,6,
2020.09.07.00,67,0,53,0,107,0,101,0,112,0,127,1,168,0,301,2,124,1,147,1,263,5,209,6,103,1,142,0,158,2,234,1,152,0,78,2,150,2,187,5,288,7,157,0,212,1,274,2,167,2,293,3,
2020.09.06.00,67,0,53,0,107,0,101,1,112,2,126,0,168,5,299,4,123,2,146,1,258,3,203,2,102,2,142,2,156,3,233,3,152,0,76,1,148,3,182,1,281,4,157,1,211,3,272,6,165,5,290,4,
2020.09.05.00,67,0,53,1,107,2,100,5,110,4,126,1,163,3,295,1,121,0,145,2,255,2,201,4,100,3,140,4,153,0,230,1,152,0,75,1,145,1,181,0,277,2,156,2,208,5,266,3,160,3,286,6,
2020.09.04.00,67,0,52,0,105,0,95,2,106,4,125,1,160,5,294,2,121,0,143,2,253,3,197,1,97,1,136,1,153,1,229,0,152,0,74,0,144,0,181,0,275,5,154,5,203,4,263,0,157,3,280,6,
2020.09.03.00,67,0,52,2,105,2,93,1,102,2,124,1,155,2,292,2,121,2,141,1,250,5,196,3,96,0,135,2,152,1,229,4,152,1,74,0,144,4,181,2,270,10,149,2,199,4,263,2,154,7,274,3,
2020.09.02.00,67,2,50,0,103,1,92,2,100,4,123,5,153,6,290,4,119,6,140,3,245,4,193,7,96,3,133,1,151,2,225,5,151,0,74,1,140,3,179,0,260,6,147,4,195,9,261,1,147,4,271,4,
2020.09.01.00,65,2,50,0,102,2,90,2,96,0,118,1,147,6,286,6,113,7,137,5,241,11,186,3,93,1,132,3,149,6,220,7,151,0,73,1,137,0,179,4,254,10,143,5,186,12,260,3,143,2,267,4,
2020.08.31.00,63,0,50,1,100,0,88,1,96,2,117,2,141,2,280,4,106,4,132,7,230,7,183,3,92,1,129,1,143,1,213,4,151,1,72,2,137,0,175,13,244,5,138,0,174,2,257,1,141,2,263,4,
2020.08.30.00,63,4,49,2,100,0,87,2,94,6,115,6,139,7,276,7,102,3,125,2,223,18,180,9,91,5,128,3,142,9,209,6,150,6,70,2,137,13,162,15,239,8,138,3,172,4,256,12,139,1,259,13,
2020.08.29.00,59,0,47,3,100,1,85,0,88,5,109,2,132,4,269,6,99,4,123,6,205,7,171,1,86,5,125,2,133,3,203,4,144,2,68,3,124,5,147,12,231,10,135,6,168,4,244,14,138,2,246,7,
2020.08.28.00,59,3,44,2,99,4,85,0,83,4,107,2,128,4,263,7,95,7,117,4,198,17,170,9,81,2,123,12,130,3,199,4,142,7,65,1,119,7,135,8,221,14,129,3,164,4,230,16,136,7,239,11,
2020.08.27.00,56,2,42,1,95,3,85,0,79,1,105,0,124,4,256,8,88,0,113,2,181,18,161,4,79,4,111,2,127,2,195,10,135,8,64,3,112,0,127,6,207,7,126,2,160,2,214,8,129,2,228,8,
2020.08.26.00,54,4,41,1,92,2,85,5,78,7,105,4,120,5,248,5,88,5,111,1,163,6,157,9,75,6,109,8,125,8,185,12,127,3,61,7,112,14,121,3,200,9,124,5,158,7,206,6,127,5,220,9,
2020.08.25.00,50,1,40,0,90,3,80,2,71,6,101,3,115,13,243,10,83,2,110,6,157,17,148,6,69,4,101,2,117,6,173,2,124,2,54,2,98,4,118,1,191,8,119,5,151,5,200,8,122,10,211,14,
2020.08.24.00,49,2,40,3,87,5,78,2,65,1,98,4,102,8,233,8,81,2,104,0,140,3,142,6,65,2,99,3,111,9,171,6,122,4,52,3,94,3,117,1,183,3,114,1,146,5,192,5,112,4,197,4,
2020.08.23.00,47,1,37,1,82,4,76,1,64,2,94,4,94,5,225,15,79,4,104,3,137,14,136,11,63,1,96,4,102,4,165,7,118,2,49,1,91,6,116,9,180,5,113,7,141,7,187,5,108,12,193,12,
2020.08.22.00,46,2,36,2,78,2,75,3,62,7,90,6,89,2,210,8,75,6,101,1,123,4,125,8,62,6,92,8,98,6,158,7,116,8,48,2,85,1,107,4,175,4,106,4,134,5,182,12,96,3,181,6,
2020.08.21.00,44,3,34,4,76,2,72,4,55,3,84,6,87,7,202,9,69,2,100,6,119,6,117,10,56,0,84,2,92,2,151,14,108,5,46,2,84,1,103,2,171,3,102,6,129,5,170,12,93,4,175,7,
2020.08.20.00,41,4,30,0,74,0,68,0,52,2,78,5,80,3,193,18,67,9,94,2,113,9,107,11,56,4,82,2,90,2,137,4,103,2,44,0,83,2,101,5,168,3,96,3,124,5,158,14,89,15,168,10,
2020.08.19.00,37,4,30,1,74,4,68,2,50,3,73,6,77,9,175,20,58,8,92,4,104,9,96,6,52,3,80,8,88,4,133,2,101,6,44,1,81,3,96,4,165,6,93,6,119,6,144,11,74,8,158,8,
2020.08.18.00,33,0,29,1,70,0,66,0,47,4,67,6,68,9,155,22,50,8,88,3,95,10,90,5,49,1,72,3,84,3,131,2,95,2,43,1,78,1,92,11,159,2,87,1,113,2,133,10,66,5,150,16,
2020.08.17.00,33,2,28,1,70,3,66,1,43,3,61,3,59,5,133,18,42,3,85,3,85,15,85,2,48,0,69,4,81,1,129,6,93,0,42,0,77,0,81,1,157,0,86,0,111,1,123,8,61,5,134,6,
2020.08.16.00,31,0,27,0,67,4,65,1,40,7,58,6,54,8,115,39,39,9,82,9,70,14,83,5,48,1,65,0,80,2,123,7,93,0,42,3,77,1,80,1,157,6,86,2,110,3,115,7,56,2,128,13,
2020.08.15.00,31,0,27,1,63,1,64,1,33,0,52,3,46,1,76,15,30,0,73,1,56,4,78,1,47,3,65,6,78,1,116,2,93,0,39,0,76,2,79,2,151,2,84,8,107,5,108,6,54,5,115,1,
2020.08.14.00,31,0,26,1,62,0,63,0,33,7,49,2,45,1,61,8,30,1,72,1,52,0,77,2,44,1,59,0,77,1,114,2,93,0,39,0,74,0,77,2,149,1,76,4,102,0,102,0,49,0,114,1,
2020.08.13.00,31,1,25,2,62,1,63,1,26,2,47,0,44,0,53,2,29,0,71,0,52,1,75,4,43,0,59,0,76,2,112,3,93,0,39,0,74,0,75,0,148,1,72,2,102,0,102,0,49,0,113,1,
2020.08.12.00,30,0,23,0,61,0,62,1,24,0,47,0,44,0,51,0,29,1,71,1,51,0,71,3,43,0,59,0,74,0,109,0,93,0,39,0,74,1,75,2,147,1,70,1,102,1,102,0,49,0,112,5,
2020.08.11.00,30,0,23,0,61,0,61,0,24,0,47,0,44,0,51,0,28,0,70,0,51,0,68,0,43,0,59,0,74,2,109,0,93,0,39,0,73,1,73,1,146,0,69,1,101,0,102,0,49,0,107,2,
2020.08.10.00,30,0,23,1,61,1,61,0,24,1,47,1,44,0,51,0,28,0,70,0,51,1,68,1,43,1,59,1,72,0,109,0,93,2,39,0,72,0,72,0,146,1,68,0,101,0,102,1,49,0,105,1,
2020.08.09.00,30,1,22,0,60,0,61,0,23,1,46,0,44,0,51,3,28,0,70,1,50,0,67,1,42,1,58,1,72,0,109,0,91,0,39,0,72,0,72,0,145,0,68,0,101,0,101,0,49,0,104,4,
2020.08.08.00,29,0,22,0,60,1,61,1,22,0,46,0,44,0,48,2,28,0,69,1,50,0,66,0,41,0,57,1,72,0,109,1,91,0,39,0,72,1,72,1,145,0,68,2,101,3,101,0,49,0,100,2,
2020.08.07.00,29,0,22,0,59,2,60,1,22,0,46,0,44,0,46,1,28,0,68,2,50,0,66,0,41,0,56,2,72,0,108,0,91,0,39,0,71,0,71,1,145,0,66,0,98,0,101,0,49,0,98,1,
2020.08.06.00,29,0,22,0,57,2,59,2,22,0,46,1,44,0,45,0,28,0,66,0,50,0,66,0,41,0,54,0,72,0,108,0,91,0,39,0,71,0,70,0,145,0,66,2,98,0,101,0,49,0,97,2,
2020.08.05.00,29,0,22,0,55,0,57,0,22,0,45,0,44,0,45,1,28,0,66,1,50,0,66,2,41,0,54,0,72,0,108,0,91,0,39,0,71,1,70,0,145,0,64,0,98,0,101,1,49,0,95,0,
2020.08.04.00,29,0,22,2,55,0,57,0,22,0,45,0,44,0,44,1,28,0,65,1,50,0,64,0,41,0,54,1,72,0,108,2,91,0,39,0,70,0,70,0,145,1,64,0,98,0,100,1,49,0,95,0,
2020.08.03.00,29,0,20,0,55,1,57,0,22,0,45,1,44,0,43,1,28,0,64,0,50,0,64,0,41,0,53,0,72,0,106,1,91,0,39,0,70,0,70,0,144,0,64,0,98,0,99,0,49,0,95,1,
2020.08.02.00,29,1,20,0,54,0,57,0,22,0,44,0,44,0,42,0,28,0,64,0,50,0,64,0,41,0,53,0,72,1,105,2,91,0,39,0,70,0,70,0,144,0,64,0,98,0,99,0,49,0,94,0,
2020.08.01.00,28,0,20,0,54,0,57,0,22,0,44,0,44,0,42,0,28,0,64,0,50,0,64,0,41,0,53,1,71,0,103,0,91,0,39,0,70,0,70,0,144,0,64,1,98,0,99,0,49,0,94,0,
2020.07.31.00,28,0,20,0,54,0,57,0,22,0,44,0,44,0,42,0,28,0,64,0,50,0,64,1,41,0,52,0,71,0,103,1,91,0,39,0,70,0,70,0,144,2,63,2,98,1,99,1,49,1,94,0,
2020.07.30.00,28,0,20,0,54,0,57,0,22,0,44,0,44,0,42,1,28,0,64,0,50,0,63,0,41,0,52,0,71,0,102,0,91,1,39,0,70,0,70,0,142,1,61,0,97,0,98,0,48,0,94,0,
2020.07.29.00,28,0,20,1,54,0,57,0,22,0,44,0,44,0,41,1,28,2,64,0,50,0,63,0,41,0,52,1,71,0,102,0,90,0,39,0,70,1,70,0,141,1,61,0,97,0,98,1,48,0,94,0,
2020.07.28.00,28,0,19,0,54,0,57,0,22,0,44,0,44,0,40,0,26,1,64,0,50,0,63,0,41,0,51,1,71,0,102,0,90,0,39,0,69,0,70,0,140,1,61,0,97,0,97,1,48,0,94,3,
2020.07.27.00,28,1,19,1,54,1,57,0,22,0,44,0,44,0,40,0,25,0,64,0,50,0,63,0,41,0,50,1,71,0,102,1,90,0,39,0,69,0,70,0,139,1,61,0,97,1,96,1,48,1,91,0,
2020.07.26.00,27,0,18,0,53,0,57,0,22,0,44,1,44,0,40,0,25,0,64,0,50,0,63,0,41,0,49,1,71,1,101,0,90,0,39,0,69,0,70,0,138,0,61,1,96,0,95,2,47,0,91,1,
2020.07.25.00,27,0,18,0,53,0,57,0,22,0,43,0,44,0,40,0,25,0,64,0,50,0,63,2,41,0,48,0,70,0,101,4,90,0,39,1,69,0,70,1,138,0,60,0,96,0,93,3,47,0,90,0,
2020.07.24.00,27,0,18,0,53,0,57,1,22,0,43,0,44,0,40,0,25,0,64,1,50,0,61,0,41,0,48,0,70,0,97,2,90,1,38,0,69,1,69,1,138,1,60,0,96,0,90,11,47,0,90,1,
2020.07.23.00,27,0,18,0,53,0,56,0,22,0,43,1,44,0,40,0,25,0,63,0,50,0,61,0,41,0,48,0,70,0,95,0,89,0,38,0,68,0,68,2,137,0,60,0,96,3,79,5,47,0,89,1,
2020.07.22.00,27,1,18,1,53,0,56,1,22,1,42,1,44,0,40,0,25,0,63,0,50,0,61,3,41,0,48,0,70,0,95,3,89,0,38,0,68,0,66,1,137,0,60,0,93,0,74,5,47,0,88,0,
2020.07.21.00,26,1,17,1,53,0,55,2,21,1,41,0,44,0,40,1,25,0,63,0,50,0,58,1,41,1,48,0,70,0,92,10,89,0,38,1,68,0,65,0,137,0,60,0,93,0,69,1,47,1,88,0,
2020.07.20.00,25,0,16,0,53,0,53,0,20,0,41,0,44,0,39,1,25,0,63,0,50,0,57,0,40,1,48,0,70,0,82,1,89,0,37,0,68,0,65,0,137,0,60,0,93,0,68,0,46,0,88,0,
2020.07.19.00,25,0,16,0,53,0,53,1,20,0,41,0,44,0,38,0,25,0,63,0,50,0,57,1,39,0,48,0,70,0,81,0,89,0,37,2,68,0,65,0,137,2,60,0,93,1,68,3,46,0,88,0,
2020.07.18.00,25,0,16,0,53,0,52,1,20,0,41,0,44,0,38,0,25,0,63,0,50,0,56,1,39,0,48,1,70,0,81,0,89,0,35,0,68,0,65,0,135,0,60,0,92,1,65,2,46,0,88,0,
2020.07.17.00,25,0,16,1,53,1,51,0,20,1,41,0,44,0,38,0,25,0,63,1,50,0,55,0,39,1,47,0,70,0,81,0,89,0,35,0,68,0,65,0,135,1,60,0,91,0,63,3,46,0,88,0,
2020.07.16.00,25,0,15,1,52,0,51,0,19,0,41,0,44,0,38,0,25,1,62,0,50,0,55,0,38,0,47,0,70,0,81,0,89,1,35,0,68,0,65,0,134,1,60,0,91,0,60,2,46,1,88,0,
2020.07.15.00,25,1,14,0,52,0,51,0,19,0,41,0,44,0,38,0,24,0,62,0,50,0,55,0,38,0,47,0,70,0,81,0,88,0,35,1,68,0,65,2,133,0,60,0,91,0,58,1,45,1,88,0,
2020.07.14.00,24,1,14,0,52,0,51,0,19,0,41,0,44,0,38,0,24,0,62,0,50,0,55,1,38,0,47,0,70,0,81,0,88,0,34,1,68,0,63,1,133,0,60,0,91,2,57,1,44,0,88,0,
2020.07.13.00,23,0,14,0,52,0,51,0,19,0,41,1,44,0,38,1,24,0,62,0,50,1,54,0,38,0,47,2,70,0,81,0,88,0,33,0,68,0,62,1,133,2,60,1,89,0,56,0,44,3,88,1,
2020.07.12.00,23,0,14,0,52,0,51,1,19,0,40,0,44,1,37,0,24,0,62,0,49,0,54,0,38,0,45,0,70,0,81,0,88,0,33,0,68,1,61,1,131,0,59,0,89,1,56,0,41,2,87,0,
2020.07.11.00,23,0,14,0,52,1,50,0,19,0,40,1,43,0,37,1,24,0,62,0,49,0,54,0,38,0,45,0,70,0,81,1,88,0,33,0,67,1,60,0,131,0,59,0,88,1,56,0,39,0,87,2,
2020.07.10.00,23,0,14,0,51,0,50,0,19,0,39,0,43,0,36,2,24,0,62,0,49,0,54,0,38,0,45,0,70,0,80,1,88,0,33,0,66,0,60,1,131,0,59,0,87,2,56,0,39,1,85,1,
2020.07.09.00,23,0,14,1,51,0,50,0,19,1,39,0,43,1,34,0,24,0,62,0,49,1,54,0,38,1,45,0,70,0,79,0,88,1,33,0,66,0,59,1,131,0,59,0,85,0,56,0,38,0,84,0,
2020.07.08.00,23,0,13,0,51,0,50,0,18,1,39,0,42,1,34,0,24,0,62,0,48,2,54,0,37,1,45,4,70,0,79,0,87,0,33,0,66,0,58,1,131,1,59,0,85,0,56,0,38,0,84,0,
2020.07.07.00,23,0,13,0,51,0,50,0,17,0,39,0,41,1,34,0,24,0,62,0,46,0,54,0,36,0,41,0,70,0,79,1,87,0,33,0,66,0,57,0,130,0,59,0,85,0,56,0,38,0,84,1,
2020.07.06.00,23,0,13,0,51,0,50,0,17,0,39,0,40,0,34,0,24,0,62,0,46,0,54,0,36,1,41,0,70,0,78,0,87,0,33,0,66,1,57,0,130,1,59,0,85,0,56,0,38,0,83,0,
2020.07.05.00,23,0,13,1,51,0,50,0,17,0,39,0,40,5,34,0,24,0,62,0,46,1,54,0,35,0,41,1,70,0,78,0,87,0,33,0,65,1,57,2,129,2,59,1,85,1,56,1,38,0,83,0,
2020.07.04.00,23,1,12,0,51,1,50,0,17,0,39,0,35,1,34,0,24,0,62,0,45,0,54,0,35,0,40,0,70,0,78,0,87,1,33,0,64,1,55,0,127,2,58,0,84,0,55,0,38,0,83,0,
2020.07.03.00,22,0,12,0,50,0,50,1,17,0,39,0,34,0,34,1,24,0,62,0,45,1,54,0,35,0,40,1,70,0,78,0,86,0,33,1,63,0,55,1,125,1,58,1,84,1,55,0,38,1,83,1,
2020.07.02.00,22,0,12,0,50,0,49,0,17,0,39,1,34,1,33,0,24,0,62,0,44,0,54,1,35,0,39,0,70,0,78,0,86,0,32,0,63,0,54,1,124,7,57,0,83,0,55,0,37,2,82,0,
2020.07.01.00,22,0,12,0,50,0,49,0,17,0,38,0,33,0,33,0,24,0,62,0,44,0,53,0,35,0,39,1,70,0,78,0,86,0,32,1,63,2,53,0,117,4,57,1,83,0,55,0,35,0,82,0,
2020.06.30.00,22,0,12,0,50,0,49,0,17,0,38,0,33,0,33,0,24,0,62,0,44,1,53,1,35,0,38,3,70,0,78,0,86,0,31,1,61,0,53,0,113,0,56,0,83,0,55,0,35,0,82,2,
2020.06.29.00,22,0,12,0,50,1,49,0,17,0,38,0,33,0,33,0,24,0,62,0,43,1,52,0,35,0,35,0,70,0,78,0,86,1,30,0,61,0,53,0,113,1,56,1,83,0,55,1,35,0,80,1,
2020.06.28.00,22,0,12,0,49,1,49,0,17,0,38,1,33,0,33,0,24,0,62,0,42,0,52,0,35,0,35,1,70,1,78,0,85,1,30,0,61,2,53,0,112,5,55,0,83,1,54,1,35,0,79,0,
2020.06.27.00,22,0,12,1,48,0,49,0,17,1,37,1,33,1,33,0,24,0,62,0,42,1,52,1,35,0,34,0,69,0,78,0,84,1,30,0,59,0,53,2,107,7,55,1,82,0,53,0,35,0,79,0,
2020.06.26.00,22,0,11,0,48,0,49,0,16,0,36,0,32,1,33,0,24,0,62,0,41,1,51,0,35,0,34,0,69,0,78,1,83,1,30,0,59,0,51,1,100,11,54,0,82,0,53,0,35,0,79,1,
2020.06.25.00,22,1,11,0,48,0,49,0,16,0,36,0,31,0,33,0,24,0,62,1,40,1,51,0,35,0,34,0,69,0,77,0,82,1,30,1,59,0,50,0,89,2,54,0,82,1,53,0,35,0,78,0,
2020.06.24.00,21,0,11,0,48,0,49,0,16,0,36,0,31,1,33,0,24,0,61,3,39,0,51,0,35,0,34,0,69,0,77,0,81,1,29,0,59,1,50,0,87,4,54,0,81,0,53,0,35,0,78,1,
2020.06.23.00,21,0,11,0,48,0,49,0,16,0,36,0,30,0,33,0,24,0,58,0,39,0,51,0,35,0,34,0,69,0,77,1,80,0,29,0,58,0,50,0,83,0,54,0,81,1,53,0,35,2,77,0,
2020.06.22.00,21,0,11,0,48,0,49,0,16,0,36,0,30,0,33,1,24,0,58,1,39,0,51,0,35,0,34,0,69,0,76,1,80,4,29,0,58,0,50,0,83,0,54,0,80,0,53,1,33,0,77,0,
2020.06.21.00,21,0,11,0,48,0,49,2,16,0,36,0,30,0,32,0,24,0,57,2,39,2,51,0,35,0,34,0,69,0,75,1,76,0,29,0,58,3,50,1,83,1,54,1,80,0,52,0,33,0,77,1,
2020.06.20.00,21,0,11,0,48,0,47,0,16,0,36,1,30,1,32,0,24,0,55,2,37,0,51,1,35,1,34,1,69,2,74,1,76,0,29,0,55,2,49,1,82,0,53,1,80,0,52,0,33,0,76,3,
2020.06.19.00,21,0,11,1,48,0,47,0,16,1,35,0,29,1,32,1,24,1,53,2,37,0,50,1,34,1,33,1,67,2,73,2,76,0,29,0,53,1,48,0,82,1,52,1,80,0,52,0,33,0,73,1,
2020.06.18.00,21,0,10,0,48,0,47,0,15,0,35,0,28,0,31,0,23,0,51,11,37,0,49,2,33,0,32,0,65,0,71,2,76,1,29,0,52,3,48,0,81,2,51,1,80,1,52,0,33,0,72,1,
2020.06.17.00,21,0,10,0,48,0,47,0,15,0,35,0,28,1,31,0,23,0,40,2,37,0,47,1,33,0,32,1,65,0,69,0,75,0,29,0,49,0,48,2,79,2,50,1,79,1,52,1,33,0,71,0,
2020.06.16.00,21,0,10,0,48,2,47,0,15,0,35,0,27,0,31,0,23,0,38,1,37,0,46,3,33,1,31,0,65,0,69,0,75,4,29,0,49,0,46,1,77,0,49,0,78,0,51,0,33,0,71,0,
2020.06.15.00,21,0,10,0,46,1,47,0,15,0,35,0,27,0,31,0,23,0,37,1,37,0,43,1,32,1,31,0,65,0,69,0,71,1,29,1,49,0,45,0,77,0,49,1,78,0,51,0,33,0,71,1,
2020.06.14.00,21,1,10,0,45,0,47,0,15,0,35,0,27,1,31,0,23,1,36,0,37,0,42,1,31,0,31,0,65,0,69,2,70,0,28,1,49,2,45,0,77,2,48,1,78,0,51,0,33,0,70,0,
2020.06.13.00,20,1,10,0,45,1,47,0,15,0,35,0,26,3,31,1,22,2,36,12,37,1,41,0,31,0,31,0,65,2,67,2,70,1,27,1,47,1,45,0,75,1,47,0,78,0,51,0,33,1,70,0,
2020.06.12.00,19,0,10,0,44,0,47,0,15,0,35,0,23,2,30,0,20,0,24,1,36,1,41,1,31,0,31,0,63,1,65,3,69,1,26,3,46,5,45,0,74,5,47,1,78,0,51,0,32,1,70,0,
2020.06.11.10,19,0,10,0,44,0,47,0,15,1,35,0,21,0,30,1,20,0,23,1,35,1,40,1,31,0,31,0,62,3,62,0,68,2,23,4,41,0,45,1,69,1,46,1,78,0,51,1,31,0,70,1,
2020.06.10.10,19,0,10,1,44,0,47,1,14,0,35,0,21,0,29,0,20,0,22,0,34,0,39,0,31,0,31,1,59,2,62,0,66,1,19,1,41,1,44,2,68,2,45,0,78,0,50,0,31,0,69,1,
2020.06.09.10,19,0,9,0,44,0,46,0,14,0,35,0,21,1,29,0,20,0,22,0,34,0,39,0,31,0,30,0,57,1,62,3,65,9,18,0,40,0,42,1,66,1,45,1,78,0,50,0,31,0,68,1,
2020.06.08.10,19,0,9,0,44,0,46,1,14,0,35,0,20,0,29,0,20,1,22,0,34,0,39,0,31,1,30,0,56,4,59,2,56,3,18,0,40,0,41,0,65,0,44,0,78,0,50,0,31,1,67,2,
2020.06.07.10,19,0,9,0,44,2,45,3,14,0,35,0,20,0,29,0,19,1,22,0,34,0,39,2,30,0,30,1,52,9,57,2,53,3,18,0,40,1,41,1,65,1,44,0,78,0,50,0,30,0,65,3,
2020.06.06.10,19,0,9,0,42,2,42,1,14,0,35,1,20,1,29,0,18,1,22,1,34,2,37,2,30,0,29,0,43,4,55,1,50,4,18,0,39,1,40,0,64,3,44,0,78,0,50,1,30,2,62,1,
2020.06.05.10,19,0,9,0,40,1,41,0,14,0,34,0,19,0,29,0,17,0,21,1,32,1,35,0,30,0,29,1,39,3,54,2,46,2,18,0,38,0,40,0,61,0,44,0,78,0,49,0,28,2,61,1,
2020.06.04.10,19,0,9,0,39,1,41,0,14,0,34,0,19,0,29,0,17,1,20,1,31,0,35,0,30,0,28,1,36,1,52,2,44,1,18,2,38,1,40,0,61,1,44,0,78,2,49,0,26,0,60,1,
2020.06.03.10,19,0,9,0,38,0,41,1,14,0,34,0,19,0,29,0,16,2,19,0,31,0,35,0,30,2,27,0,35,5,50,3,43,2,16,1,37,0,40,0,60,0,44,0,76,1,49,0,26,1,59,2,
2020.06.02.10,19,0,9,0,38,0,40,0,14,0,34,0,19,0,29,0,14,0,19,0,31,0,35,0,28,1,27,0,30,2,47,2,41,0,15,0,37,3,40,0,60,1,44,2,75,0,49,1,25,1,57,0,
2020.06.01.10,19,0,9,0,38,0,40,0,14,0,34,0,19,0,29,0,14,0,19,0,31,0,35,0,27,0,27,0,28,1,45,0,41,0,15,0,34,0,40,0,59,0,42,0,75,1,48,0,24,0,57,0,
2020.05.31.10,19,0,9,0,38,0,40,0,14,0,34,0,19,0,29,0,14,0,19,0,31,0,35,0,27,1,27,0,27,0,45,2,41,0,15,0,34,3,40,0,59,0,42,0,74,0,48,0,24,0,57,0,
2020.05.30.10,19,1,9,0,38,0,40,1,14,0,34,0,19,0,29,1,14,0,19,1,31,0,35,1,26,1,27,0,27,0,43,0,41,0,15,0,31,0,40,0,59,0,42,0,74,2,48,1,24,0,57,0,
2020.05.29.10,18,0,9,1,38,0,39,2,14,0,34,0,19,0,28,0,14,1,18,0,31,0,34,0,25,2,27,2,27,0,43,4,41,0,15,1,31,2,40,1,59,0,42,0,72,0,47,1,24,0,57,2,
2020.05.28.10,18,0,8,0,38,0,37,3,14,1,34,0,19,0,28,0,13,1,18,0,31,0,34,2,23,1,25,1,27,1,39,3,41,3,14,0,29,1,39,1,59,1,42,0,72,0,46,1,24,1,55,3,
2020.05.27.10,18,0,8,0,38,0,34,8,13,0,34,0,19,0,28,0,12,0,18,1,31,1,32,2,22,0,24,0,26,0,36,3,38,1,14,1,28,0,38,0,58,2,42,0,72,0,45,0,23,0,52,1,
2020.05.26.10,18,0,8,0,38,0,26,3,13,0,34,0,19,0,28,0,12,0,17,1,30,1,30,0,22,0,24,0,26,0,33,1,37,1,13,0,28,0,38,0,56,0,42,0,72,0,45,0,23,1,51,0,
2020.05.25.10,18,0,8,0,38,0,23,1,13,0,34,0,19,1,28,0,12,2,16,0,29,0,30,0,22,0,24,0,26,0,32,0,36,0,13,0,28,2,38,0,56,1,42,0,72,0,45,0,22,0,51,0,
2020.05.24.10,18,0,8,0,38,0,22,0,13,0,34,0,18,1,28,0,10,1,16,0,29,1,30,0,22,0,24,0,26,0,32,0,36,0,13,0,26,0,38,0,55,1,42,0,72,0,45,0,22,1,51,1,
2020.05.23.10,18,0,8,0,38,0,22,0,13,0,34,0,17,0,28,0,9,0,16,0,28,0,30,0,22,0,24,0,26,0,32,0,36,0,13,0,26,0,38,0,54,0,42,1,72,0,45,0,21,1,50,1,
2020.05.22.10,18,0,8,0,38,0,22,0,13,1,34,0,17,0,28,0,9,0,16,0,28,1,30,0,22,0,24,0,26,0,32,0,36,0,13,0,26,0,38,0,54,1,41,0,72,0,45,0,20,0,49,0,
2020.05.21.10,18,0,8,0,38,0,22,0,12,0,34,0,17,0,28,0,9,0,16,1,27,0,30,0,22,0,24,0,26,1,32,0,36,0,13,0,26,0,38,1,53,0,41,0,72,0,45,0,20,0,49,1,
2020.05.20.10,18,0,8,0,38,4,22,0,12,0,34,0,17,0,28,0,9,1,15,1,27,0,30,0,22,0,24,0,25,0,32,0,36,0,13,0,26,0,37,0,53,0,41,1,72,1,45,0,20,1,48,0,
2020.05.19.10,18,0,8,0,34,0,22,0,12,0,34,0,17,0,28,1,8,0,14,0,27,0,30,0,22,0,24,0,25,2,32,1,36,1,13,0,26,1,37,0,53,0,40,0,71,0,45,1,19,0,48,0,
2020.05.18.10,18,1,8,0,34,0,22,0,12,0,34,0,17,0,27,0,8,0,14,0,27,0,30,0,22,0,24,0,23,0,31,0,35,0,13,0,25,0,37,0,53,0,40,0,71,0,44,0,19,0,48,0,
2020.05.17.10,17,0,8,0,34,0,22,0,12,0,34,0,17,0,27,0,8,0,14,0,27,2,30,0,22,0,24,0,23,0,31,0,35,0,13,0,25,0,37,0,53,0,40,0,71,0,44,2,19,0,48,0,
2020.05.16.10,17,0,8,0,34,1,22,0,12,0,34,0,17,0,27,0,8,0,14,0,25,0,30,2,22,1,24,0,23,0,31,0,35,0,13,0,25,0,37,0,53,1,40,0,71,1,42,0,19,0,48,0,
2020.05.15.10,17,0,8,0,33,2,22,0,12,1,34,1,17,0,27,0,8,0,14,2,25,0,28,0,21,0,24,0,23,0,31,0,35,0,13,1,25,1,37,0,52,0,40,0,70,1,42,1,19,2,48,0,
2020.05.14.10,17,0,8,0,31,0,22,0,11,0,33,0,17,0,27,0,8,1,12,0,25,1,28,0,21,0,24,0,23,0,31,1,35,0,12,0,24,0,37,0,52,0,40,0,69,0,41,1,17,1,48,0,
2020.05.13.10,17,0,8,0,31,0,22,1,11,0,33,1,17,0,27,0,7,0,12,1,24,1,28,0,21,0,24,0,23,0,30,0,35,0,12,0,24,1,37,1,52,1,40,0,69,0,40,1,16,0,48,0,
2020.05.12.10,17,0,8,0,31,1,21,0,11,0,32,0,17,0,27,0,7,1,11,1,23,0,28,0,21,1,24,0,23,1,30,2,35,0,12,0,23,0,36,1,51,1,40,1,69,0,39,0,16,0,48,1,
2020.05.11.10,17,0,8,1,30,3,21,1,11,1,32,1,17,0,27,1,6,1,10,0,23,0,28,0,20,0,24,0,22,1,28,0,35,0,12,0,23,0,35,2,50,3,39,0,69,4,39,1,16,1,47,0,
2020.05.10.10,17,0,7,0,27,4,20,0,10,2,31,0,17,1,26,2,5,0,10,1,23,0,28,0,20,1,24,0,21,0,28,2,35,0,12,0,23,0,33,1,47,1,39,1,65,1,38,1,15,0,47,0,
2020.05.09.10,17,1,7,1,23,4,20,0,8,0,31,0,16,0,24,0,5,0,9,0,23,0,28,0,19,0,24,0,21,0,26,0,35,0,12,0,23,0,32,1,46,3,38,0,64,0,37,0,15,1,47,2,
2020.05.08.10,16,0,6,0,19,0,20,0,8,0,31,0,16,0,24,0,5,0,9,0,23,0,28,0,19,0,24,0,21,0,26,0,35,0,12,0,23,0,31,0,43,0,38,0,64,0,37,0,14,0,45,0,
2020.05.07.10,16,0,6,0,19,0,20,0,8,0,31,0,16,0,24,0,5,0,9,0,23,0,28,0,19,0,24,0,21,0,26,0,35,0,12,0,23,0,31,0,43,0,38,0,64,0,37,0,14,0,45,0,
2020.05.06.10,16,0,6,0,19,0,20,0,8,0,31,0,16,0,24,0,5,0,9,0,23,0,28,0,19,0,24,0,21,0,26,0,35,0,12,0,23,0,31,0,43,0,38,0,64,0,37,0,14,0,45,0,
2020.05.05.10,16,0,6,0,19,0,20,0,8,0,31,0,16,0,24,0,5,0,9,0,23,0,28,0,19,0,24,0,21,0,26,0,35,0,12,0,23,0,31,0,43,0,38,0,64,0,37,0,14,0,45,0,
2020.05.04.10,16,0,6,0,19,0,20,0,8,0,31,0,16,0,24,0,5,0,9,0,23,0,28,0,19,0,24,0,21,0,26,0,35,0,12,0,23,0,31,0,43,0,38,0,64,0,37,0,14,0,45,0,
2020.05.03.10,16,0,6,0,19,1,20,0,8,0,31,0,16,0,24,0,5,0,9,0,23,0,28,0,19,0,24,0,21,0,26,0,35,0,12,0,23,0,31,0,43,0,38,0,64,0,37,0,14,1,45,0,
2020.05.02.10,16,0,6,0,18,0,20,1,8,0,31,0,16,0,24,0,5,0,9,0,23,0,28,0,19,0,24,0,21,0,26,0,35,0,12,0,23,0,31,0,43,0,38,0,64,0,37,0,13,0,45,0,
2020.05.01.10,16,0,6,0,18,0,19,0,8,0,31,0,16,0,24,0,5,0,9,0,23,0,28,0,19,1,24,0,21,0,26,0,35,0,12,0,23,0,31,0,43,0,38,0,64,0,37,0,13,0,45,0,
2020.04.30.10,16,0,6,0,18,0,19,0,8,0,31,0,16,0,24,0,5,0,9,0,23,0,28,0,18,0,24,0,21,0,26,0,35,0,12,0,23,0,31,0,43,0,38,0,64,0,37,0,13,0,45,0,
2020.04.29.10,16,0,6,0,18,0,19,0,8,0,31,0,16,0,24,0,5,0,9,0,23,0,28,0,18,0,24,0,21,0,26,0,35,0,12,0,23,0,31,0,43,0,38,0,64,0,37,0,13,0,45,0,
2020.04.28.10,16,0,6,0,18,0,19,0,8,0,31,0,16,0,24,1,5,0,9,0,23,0,28,0,18,0,24,0,21,0,26,0,35,0,12,0,23,0,31,0,43,1,38,0,64,2,37,0,13,0,45,0,
2020.04.27.10,16,0,6,0,18,0,19,0,8,0,31,0,16,0,23,0,5,0,9,0,23,0,28,0,18,0,24,0,21,0,26,0,35,0,12,0,23,0,31,0,42,0,38,0,62,0,37,0,13,0,45,0,
2020.04.26.10,16,0,6,0,18,0,19,0,8,0,31,0,16,0,23,0,5,0,9,0,23,0,28,0,18,0,24,0,21,0,26,0,35,0,12,0,23,0,31,0,42,0,38,0,62,0,37,0,13,0,45,0,
2020.04.25.10,16,0,6,0,18,0,19,0,8,0,31,0,16,0,23,0,5,0,9,0,23,0,28,0,18,0,24,0,21,0,26,0,35,0,12,0,23,0,31,0,42,0,38,0,62,0,37,0,13,0,45,1,
2020.04.24.10,16,0,6,0,18,0,19,0,8,0,31,0,16,0,23,0,5,0,9,0,23,0,28,0,18,0,24,0,21,0,26,0,35,0,12,0,23,0,31,0,42,0,38,0,62,0,37,0,13,0,44,0,
2020.04.23.10,16,0,6,0,18,0,19,0,8,0,31,0,16,0,23,0,5,0,9,0,23,0,28,0,18,0,24,0,21,0,26,0,35,0,12,0,23,0,31,0,42,0,38,0,62,0,37,0,13,0,44,0,
2020.04.22.10,16,0,6,0,18,0,19,0,8,0,31,0,16,0,23,0,5,0,9,0,23,0,28,0,18,0,24,1,21,0,26,0,35,0,12,0,23,0,31,0,42,0,38,0,62,0,37,0,13,0,44,1,
2020.04.21.10,16,0,6,0,18,0,19,0,8,0,31,0,16,0,23,0,5,0,9,0,23,0,28,0,18,0,23,0,21,0,26,0,35,0,12,0,23,0,31,0,42,0,38,0,62,0,37,0,13,0,43,0,
2020.04.20.10,16,0,6,0,18,0,19,0,8,0,31,0,16,0,23,0,5,0,9,0,23,0,28,0,18,0,23,0,21,0,26,1,35,0,12,0,23,0,31,0,42,0,38,0,62,0,37,0,13,0,43,0,
2020.04.19.10,16,0,6,0,18,0,19,0,8,0,31,0,16,0,23,0,5,0,9,0,23,0,28,0,18,0,23,0,21,0,25,0,35,0,12,0,23,0,31,0,42,0,38,0,62,1,37,0,13,0,43,0,
2020.04.18.10,16,0,6,0,18,0,19,0,8,0,31,0,16,0,23,1,5,0,9,0,23,0,28,0,18,0,23,0,21,0,25,0,35,0,12,0,23,0,31,0,42,0,38,0,61,1,37,0,13,0,43,0,
2020.04.17.10,16,0,6,0,18,1,19,0,8,0,31,0,16,0,22,0,5,0,9,0,23,0,28,0,18,0,23,0,21,0,25,0,35,0,12,0,23,0,31,0,42,0,38,0,60,1,37,0,13,0,43,0,
2020.04.16.10,16,0,6,0,17,0,19,0,8,0,31,0,16,0,22,0,5,0,9,0,23,0,28,0,18,1,23,0,21,0,25,0,35,0,12,0,23,0,31,0,42,0,38,0,59,0,37,0,13,0,43,0,
2020.04.15.10,16,0,6,1,17,0,19,1,8,0,31,0,16,0,22,0,5,0,9,0,23,0,28,0,17,0,23,0,21,0,25,0,35,0,12,0,23,0,31,1,42,0,38,2,59,0,37,0,13,0,43,0,
2020.04.14.10,16,0,5,0,17,0,18,2,8,0,31,0,16,0,22,1,5,0,9,0,23,0,28,0,17,0,23,0,21,0,25,0,35,0,12,0,23,0,30,0,42,0,36,0,59,0,37,0,13,0,43,0,
2020.04.13.10,16,0,5,0,17,0,16,4,8,0,31,0,16,0,21,0,5,0,9,1,23,0,28,1,17,0,23,0,21,0,25,0,35,0,12,0,23,0,30,1,42,0,36,0,59,0,37,1,13,0,43,0,
2020.04.12.10,16,0,5,0,17,0,12,0,8,0,31,0,16,0,21,0,5,0,8,0,23,0,27,1,17,0,23,0,21,0,25,0,35,0,12,0,23,0,29,0,42,1,36,0,59,0,36,0,13,0,43,0,
2020.04.11.10,16,0,5,0,17,0,12,0,8,0,31,0,16,0,21,0,5,0,8,0,23,0,26,0,17,0,23,0,21,1,25,0,35,0,12,0,23,0,29,0,41,0,36,0,59,2,36,0,13,0,43,0,
2020.04.10.10,16,0,5,0,17,0,12,2,8,1,31,0,16,0,21,1,5,0,8,0,23,0,26,0,17,0,23,0,20,0,25,0,35,0,12,0,23,0,29,0,41,0,36,0,57,1,36,0,13,0,43,0,
2020.04.09.10,16,0,5,0,17,0,10,1,7,0,31,0,16,0,20,0,5,0,8,1,23,0,26,0,17,0,23,3,20,0,25,0,35,0,12,0,23,1,29,1,41,0,36,2,56,2,36,0,13,0,43,0,
2020.04.08.10,16,0,5,0,17,0,9,1,7,0,31,1,16,0,20,2,5,0,7,0,23,0,26,0,17,0,20,0,20,0,25,1,35,0,12,0,22,1,28,0,41,0,34,3,54,1,36,0,13,0,43,0,
2020.04.07.10,16,0,5,0,17,0,8,1,7,0,30,0,16,1,18,0,5,0,7,0,23,1,26,0,17,0,20,0,20,0,24,0,35,0,12,0,21,0,28,0,41,1,31,0,53,3,36,0,13,0,43,1,
2020.04.06.10,16,0,5,0,17,2,7,0,7,0,30,0,15,0,18,2,5,0,7,0,22,0,26,0,17,0,20,0,20,0,24,1,35,0,12,0,21,0,28,0,40,1,31,0,50,0,36,1,13,1,42,2,
2020.04.05.10,16,0,5,0,15,1,7,0,7,0,30,2,15,1,16,1,5,0,7,0,22,0,26,2,17,2,20,1,20,0,23,1,35,0,12,0,21,1,28,0,39,2,31,0,50,2,35,3,12,0,40,1,
2020.04.04.10,16,0,5,0,14,0,7,0,7,0,28,1,14,0,15,0,5,0,7,1,22,1,24,1,15,1,19,0,20,0,22,0,35,0,12,0,20,0,28,3,37,0,31,2,48,5,32,4,12,1,39,0,
2020.04.03.10,16,1,5,0,14,2,7,1,7,0,27,0,14,1,15,0,5,0,6,0,21,1,23,2,14,0,19,1,20,1,22,0,35,1,12,0,20,0,25,0,37,3,29,2,43,2,28,0,11,1,39,1,
2020.04.02.10,15,0,5,0,12,0,6,0,7,1,27,1,13,0,15,0,5,0,6,0,20,0,21,0,14,1,18,1,19,1,22,0,34,0,12,0,20,1,25,1,34,0,27,2,41,0,28,1,10,0,38,6,
2020.04.01.10,15,2,5,1,12,0,6,0,6,1,26,0,13,0,15,0,5,0,6,0,20,0,21,0,13,0,17,2,18,1,22,0,34,1,12,0,19,1,24,1,34,6,25,1,41,3,27,2,10,0,32,2,
2020.03.31.10,13,0,4,1,12,4,6,0,5,0,26,0,13,0,15,0,5,0,6,0,20,0,21,0,13,0,15,0,17,0,22,0,33,2,12,0,18,0,23,2,28,4,24,2,38,0,25,1,10,1,30,2,
2020.03.30.10,13,0,3,0,8,0,6,0,5,1,26,0,13,0,15,0,5,0,6,1,20,0,21,0,13,1,15,1,17,0,22,0,31,1,12,4,18,0,21,2,24,3,22,1,38,4,24,1,9,0,28,2,
2020.03.29.10,13,0,3,1,8,0,6,0,4,0,26,0,13,0,15,0,5,0,5,0,20,0,21,0,12,0,14,0,17,1,22,0,30,4,8,0,18,0,19,3,21,1,21,4,34,5,23,1,9,0,26,2,
2020.03.28.10,13,0,2,1,8,0,6,0,4,0,26,0,13,2,15,1,5,0,5,1,20,0,21,0,12,0,14,1,16,0,22,0,26,1,8,1,18,1,16,0,20,1,17,0,29,2,22,1,9,0,24,2,
2020.03.27.00,13,0,1,0,8,1,6,0,4,0,26,0,11,1,14,1,5,0,4,0,20,0,21,0,12,0,13,0,16,0,22,0,25,2,7,1,17,0,16,0,19,0,17,1,27,4,21,2,9,1,22,0,
2020.03.26.00,13,0,1,0,7,0,6,0,4,0,26,0,10,0,13,0,5,0,4,0,20,0,21,0,12,0,13,0,16,0,22,1,23,0,6,1,17,0,16,2,19,0,16,3,23,4,19,0,8,0,22,2,
2020.03.25.00,13,1,1,0,7,1,6,0,4,0,26,1,10,2,13,0,5,0,4,1,20,0,21,1,12,0,13,0,16,0,21,2,23,0,5,0,17,0,14,1,19,0,13,1,19,1,19,0,8,0,20,1,
2020.03.24.00,12,1,1,0,6,1,6,0,4,0,25,0,8,0,13,0,5,0,3,0,20,0,20,0,12,0,13,0,16,0,19,0,23,0,5,0,17,1,13,0,19,0,12,0,18,1,19,1,8,1,19,0,
2020.03.23.00,11,0,1,0,5,0,6,0,4,0,25,0,8,0,13,1,5,0,3,1,20,0,20,1,12,2,13,0,16,0,19,1,23,0,5,0,16,0,13,0,19,0,12,0,17,0,18,0,7,0,19,0,
2020.03.22.00,11,0,1,0,5,0,6,1,4,0,25,0,8,2,12,0,5,0,2,0,20,0,19,0,10,2,13,0,16,0,18,1,23,0,5,0,16,1,13,0,19,0,12,1,17,0,18,0,7,0,19,0,
2020.03.21.00,11,0,1,0,5,0,5,1,4,1,25,0,6,1,12,1,5,0,2,0,20,2,19,1,8,0,13,0,16,0,17,1,23,1,5,0,15,1,13,2,19,1,11,2,17,0,18,0,7,2,19,0,
2020.03.20.00,11,0,1,0,5,1,4,1,3,0,25,0,5,0,11,0,5,0,2,0,18,2,18,0,8,0,13,3,16,1,16,1,22,0,5,0,14,2,11,2,18,1,9,0,17,1,18,2,5,0,19,0,
2020.03.19.00,11,0,1,0,4,1,3,0,3,1,25,0,5,0,11,2,5,0,2,0,16,1,18,0,8,0,10,1,15,1,15,0,22,0,5,0,12,0,9,2,17,0,9,0,16,2,16,0,5,0,19,0,
2020.03.18.00,11,0,1,0,3,0,3,0,2,0,25,1,5,0,9,0,5,0,2,0,15,0,18,0,8,0,9,1,14,0,15,0,22,0,5,0,12,1,7,1,17,0,9,0,14,0,16,1,5,0,19,1,
2020.03.17.10,11,0,1,0,3,1,3,0,2,0,24,2,5,0,9,0,5,0,2,0,15,0,18,1,8,2,8,0,14,0,15,1,22,2,5,0,11,0,6,0,17,2,9,0,14,0,15,0,5,0,18,0,
2020.03.16.10,11,0,1,0,2,0,3,0,2,0,22,0,5,0,9,0,5,0,2,0,15,1,17,1,6,0,8,0,14,0,14,1,20,2,5,0,11,1,6,0,15,0,9,0,14,0,15,0,5,0,18,0,
2020.03.15.10,11,0,1,0,2,0,3,0,2,0,22,0,5,1,9,0,5,0,2,1,14,0,16,0,6,0,8,1,14,0,13,0,18,2,5,0,10,2,6,0,15,0,9,0,14,1,15,0,5,0,18,0,
2020.03.14.10,11,0,1,0,2,0,3,0,2,0,22,3,4,0,9,0,5,0,1,0,14,1,16,0,6,0,7,1,14,0,13,0,16,0,5,0,8,0,6,1,15,1,9,2,13,0,15,0,5,0,18,0,
2020.03.13.10,11,0,1,0,2,1,3,0,2,0,19,1,4,1,9,1,5,1,1,0,13,1,16,0,6,0,6,0,14,0,13,0,16,0,5,2,8,0,5,0,14,1,7,1,13,1,15,1,5,0,18,0,
2020.03.12.10,11,0,1,0,1,0,3,0,2,0,18,3,3,1,8,2,4,0,1,0,12,0,16,2,6,2,6,1,14,0,13,3,16,2,3,0,8,0,5,0,13,0,6,0,12,0,14,1,5,0,18,0,
2020.03.11.10,11,0,1,0,1,0,3,0,2,0,15,4,2,0,6,0,4,0,1,0,12,2,14,2,4,0,5,4,14,7,10,4,14,5,3,1,8,5,5,3,13,8,6,0,12,0,13,1,5,0,18,0,
2020.03.10.10,11,0,1,1,1,0,3,0,2,0,11,0,2,0,6,0,4,0,1,0,10,1,12,4,4,0,1,0,7,2,6,3,9,8,2,1,3,0,2,1,5,0,6,0,12,0,12,0,5,1,18,4,
2020.03.09.10,11,0,0,0,1,0,3,0,2,0,11,7,2,0,6,0,4,0,1,0,9,1,8,0,4,0,1,0,5,0,3,0,1,0,1,0,3,0,1,0,5,0,6,0,12,1,12,0,4,0,14,1,
2020.03.08.10,11,0,0,0,1,0,3,0,2,0,4,0,2,0,6,0,4,0,1,0,8,0,8,1,4,0,1,0,5,2,3,0,1,0,1,0,3,0,1,0,5,1,6,1,11,1,12,0,4,0,13,1,
2020.03.07.10,11,0,0,0,1,0,3,0,2,0,4,0,2,0,6,1,4,2,1,0,8,0,7,0,4,0,1,0,3,1,3,1,1,0,1,0,3,0,1,0,4,0,5,0,10,0,12,0,4,0,12,2,
2020.03.06.10,11,0,0,0,1,0,3,0,2,0,4,0,2,0,5,0,2,0,1,0,8,0,7,0,4,0,1,0,2,0,2,0,1,0,1,0,3,0,1,0,4,0,5,0,10,1,12,0,4,0,10,0,
2020.03.05.10,11,0,0,0,1,1,3,0,2,0,4,3,2,1,5,0,2,2,1,0,8,0,7,0,4,0,1,0,2,0,2,0,1,0,1,0,3,0,1,0,4,0,5,0,9,0,12,0,4,0,10,0,
2020.03.04.10,11,0,0,0,0,0,3,0,2,0,1,0,1,0,5,0,0,0,1,0,8,0,7,0,4,0,1,0,2,0,2,0,1,0,1,0,3,0,1,0,4,0,5,0,9,0,12,0,4,0,10,0,
2020.03.03.10,11,0,0,0,0,0,3,0,2,0,1,0,1,0,5,2,0,0,1,1,8,0,7,0,4,0,1,0,2,0,2,0,1,0,1,0,3,1,1,0,4,0,5,1,9,1,12,0,4,0,10,0,
2020.03.02.10,11,0,0,0,0,0,3,0,2,1,1,0,1,0,3,1,0,0,0,0,8,0,7,0,4,0,1,0,2,1,2,0,1,0,1,0,2,1,1,0,4,0,4,0,8,1,12,0,4,0,10,0,
2020.03.01.10,11,0,0,0,0,0,3,0,1,0,1,0,1,0,2,0,0,0,0,0,8,1,7,0,4,0,1,0,1,0,2,0,1,0,1,0,1,1,1,0,4,1,4,0,7,1,12,0,4,0,10,1,
2020.02.29.10,11,0,0,0,0,0,3,1,1,0,1,0,1,0,2,0,0,0,0,0,7,3,7,0,4,0,1,0,1,0,2,0,1,0,1,0,0,0,1,0,3,1,4,0,6,3,12,3,4,1,9,0,
2020.02.28.10,11,0,0,0,0,0,2,0,1,1,1,1,1,0,2,0,0,0,0,0,4,1,7,0,4,2,1,0,1,0,2,0,1,0,1,0,0,0,1,0,2,0,4,1,3,1,9,0,3,0,9,2,
